interaction_id,student_id,material_id,timestamp,duration_seconds,score,mastery_level,completed,competency,subject
330,1,9,2025-09-10,900,18,0.226,False,Geometry and Measurement,Mathematics
1029,1,5,2025-09-10,2220,8,0.231,True,Forces and Energy,Physics
494,1,23,2025-09-14,840,21,0.163,False,Mechanics and Motion,Physics
592,1,46,2025-09-20,960,20,0.141,True,Mechanics and Motion,Physics
298,1,33,2025-09-24,3660,11,0.281,True,Scientific Investigation,Physics
221,1,20,2025-09-27,3480,35,0.329,False,Algebra and Equations,Mathematics
691,1,6,2025-10-02,1920,46,0.323,False,Ratios and Proportions,Mathematics
504,1,78,2025-10-08,2580,42,0.336,True,Scientific Investigation,Physics
434,1,28,2025-10-10,2100,32,0.269,True,Numbers and Operations,Mathematics
525,1,32,2025-10-12,1920,47,0.192,True,Mechanics and Motion,Physics
843,1,27,2025-10-15,1920,22,0.286,True,Light and Sound,Physics
1143,1,11,2025-10-16,1920,50,0.381,True,Ratios and Proportions,Mathematics
186,1,59,2025-10-18,3780,24,0.249,True,Algebra and Equations,Mathematics
178,1,45,2025-10-21,1920,18,0.241,False,Light and Sound,Physics
465,1,6,2025-10-31,2700,28,0.266,False,Ratios and Proportions,Mathematics
188,1,21,2025-11-19,2460,25,0.268,True,Matter and Heat,Physics
1075,1,71,2025-11-22,1680,31,0.331,True,Light and Sound,Physics
741,1,14,2025-11-23,1860,32,0.304,True,Light and Sound,Physics
1200,1,55,2025-11-28,2220,9,0.293,False,Numbers and Operations,Mathematics
26,1,39,2025-12-04,4140,26,0.238,False,Scientific Investigation,Physics
55,1,83,2025-12-07,2520,34,0.252,True,Light and Sound,Physics
1017,1,65,2025-12-10,3660,42,0.263,True,Functions and Graphs,Mathematics
984,1,69,2025-12-16,3180,43,0.281,True,Matter and Heat,Physics
224,1,45,2025-12-21,1560,28,0.274,True,Light and Sound,Physics
279,1,10,2025-12-21,2700,44,0.294,False,Scientific Investigation,Physics
164,1,42,2025-12-26,960,34,0.262,True,Numbers and Operations,Mathematics
52,2,57,2025-09-07,2640,37,0.321,True,Algebra and Equations,Mathematics
699,2,38,2025-09-08,4140,40,0.432,False,Light and Sound,Physics
302,2,78,2025-09-12,2940,14,0.274,False,Scientific Investigation,Physics
1180,2,59,2025-09-22,3720,53,0.494,True,Algebra and Equations,Mathematics
501,2,87,2025-09-24,540,37,0.243,True,Light and Sound,Physics
653,2,100,2025-09-25,2940,24,0.334,True,Light and Sound,Physics
884,2,67,2025-09-27,1920,54,0.602,True,Ratios and Proportions,Mathematics
414,2,17,2025-09-28,3360,40,0.37,True,Functions and Graphs,Mathematics
76,2,32,2025-10-06,1860,33,0.298,False,Mechanics and Motion,Physics
605,2,26,2025-10-14,2040,35,0.419,False,Scientific Investigation,Physics
144,2,96,2025-10-16,1560,29,0.308,True,Mechanics and Motion,Physics
456,2,12,2025-10-18,1560,20,0.317,True,Forces and Energy,Physics
904,2,90,2025-10-19,960,37,0.428,False,Light and Sound,Physics
549,2,81,2025-10-21,840,46,0.432,True,Geometry and Measurement,Mathematics
336,2,25,2025-10-24,2520,35,0.271,False,Ratios and Proportions,Mathematics
827,2,76,2025-10-24,2820,60,0.455,True,Algebra and Equations,Mathematics
100,2,9,2025-10-27,1500,45,0.343,False,Geometry and Measurement,Mathematics
428,2,54,2025-10-27,3120,30,0.352,True,Ratios and Proportions,Mathematics
453,2,47,2025-10-28,780,55,0.535,True,Ratios and Proportions,Mathematics
1064,2,31,2025-10-28,1260,48,0.375,True,Functions and Graphs,Mathematics
704,2,42,2025-10-29,720,39,0.378,False,Numbers and Operations,Mathematics
189,2,70,2025-11-11,2640,46,0.443,False,Algebra and Equations,Mathematics
374,2,55,2025-11-16,1740,14,0.277,True,Numbers and Operations,Mathematics
115,2,80,2025-11-27,1800,41,0.287,True,Electricity and Magnetism,Physics
1172,2,98,2025-12-04,1800,16,0.31,True,Statistics and Probability,Mathematics
838,2,70,2025-12-06,3900,30,0.449,False,Algebra and Equations,Mathematics
436,2,44,2025-12-16,960,30,0.401,True,Ratios and Proportions,Mathematics
247,2,72,2025-12-18,3240,43,0.391,False,Geometry and Measurement,Mathematics
243,2,97,2025-12-26,4500,48,0.326,False,Functions and Graphs,Mathematics
1080,3,39,2025-09-02,2640,34,0.246,True,Scientific Investigation,Physics
652,3,13,2025-09-07,3900,20,0.287,True,Geometry and Measurement,Mathematics
381,3,57,2025-09-08,3360,35,0.313,True,Algebra and Equations,Mathematics
3,3,93,2025-09-10,1620,18,0.314,True,Ratios and Proportions,Mathematics
545,3,50,2025-09-20,1740,23,0.326,True,Algebra and Equations,Mathematics
120,3,7,2025-09-22,1680,44,0.397,True,Ratios and Proportions,Mathematics
1177,3,55,2025-09-27,1560,35,0.274,True,Numbers and Operations,Mathematics
433,3,12,2025-09-30,1260,27,0.274,False,Forces and Energy,Physics
311,3,37,2025-10-05,1740,38,0.309,True,Algebra and Equations,Mathematics
277,3,43,2025-10-16,720,30,0.441,True,Ratios and Proportions,Mathematics
481,3,23,2025-10-16,900,45,0.351,True,Mechanics and Motion,Physics
543,3,95,2025-10-17,2400,55,0.498,False,Ratios and Proportions,Mathematics
273,3,87,2025-10-18,480,42,0.328,False,Light and Sound,Physics
93,3,67,2025-10-19,1440,18,0.393,False,Ratios and Proportions,Mathematics
1005,3,68,2025-10-19,3540,28,0.265,True,Matter and Heat,Physics
587,3,30,2025-11-10,1980,68,0.535,False,Ratios and Proportions,Mathematics
532,3,37,2025-11-18,1200,45,0.35,False,Algebra and Equations,Mathematics
1083,3,26,2025-11-28,2220,33,0.273,True,Scientific Investigation,Physics
105,3,6,2025-12-10,2520,30,0.379,True,Ratios and Proportions,Mathematics
537,3,53,2025-12-12,480,63,0.448,True,Ratios and Proportions,Mathematics
418,3,17,2025-12-18,2460,26,0.332,True,Functions and Graphs,Mathematics
209,3,32,2025-12-19,2400,15,0.248,False,Mechanics and Motion,Physics
443,3,19,2025-12-21,1860,42,0.332,True,Functions and Graphs,Mathematics
1117,3,89,2025-12-21,1200,12,0.262,True,Numbers and Operations,Mathematics
738,3,92,2025-12-28,1080,31,0.353,False,Algebra and Equations,Mathematics
458,4,18,2025-09-04,2700,28,0.223,True,Ratios and Proportions,Mathematics
475,4,9,2025-09-09,900,21,0.216,True,Geometry and Measurement,Mathematics
554,4,17,2025-09-16,2280,22,0.28,False,Functions and Graphs,Mathematics
131,4,44,2025-09-19,1320,7,0.207,False,Ratios and Proportions,Mathematics
1012,4,30,2025-09-24,1920,50,0.338,True,Ratios and Proportions,Mathematics
557,4,67,2025-10-07,1860,39,0.318,False,Ratios and Proportions,Mathematics
1045,4,61,2025-10-08,2520,22,0.233,False,Functions and Graphs,Mathematics
1043,4,70,2025-10-11,2340,16,0.262,True,Algebra and Equations,Mathematics
53,4,60,2025-10-17,1500,24,0.22,True,Functions and Graphs,Mathematics
1001,4,80,2025-10-19,1800,14,0.164,True,Electricity and Magnetism,Physics
720,4,72,2025-10-21,3660,27,0.286,True,Geometry and Measurement,Mathematics
1059,4,89,2025-10-23,1500,19,0.236,True,Numbers and Operations,Mathematics
304,4,59,2025-10-29,4620,13,0.216,True,Algebra and Equations,Mathematics
71,4,94,2025-10-31,3900,20,0.163,True,Matter and Heat,Physics
421,4,83,2025-11-07,2400,28,0.328,True,Light and Sound,Physics
800,4,85,2025-11-07,1380,30,0.277,True,Scientific Investigation,Physics
647,4,63,2025-11-08,2640,7,0.254,True,Geometry and Measurement,Mathematics
363,4,45,2025-11-19,1320,32,0.247,True,Light and Sound,Physics
520,4,54,2025-12-12,3060,41,0.275,True,Ratios and Proportions,Mathematics
185,4,60,2025-12-15,1140,37,0.227,True,Functions and Graphs,Mathematics
488,4,9,2025-12-21,900,20,0.223,True,Geometry and Measurement,Mathematics
961,5,71,2025-09-05,3060,52,0.523,True,Light and Sound,Physics
866,5,73,2025-09-08,960,39,0.358,True,Scientific Investigation,Physics
618,5,63,2025-09-10,2520,39,0.338,True,Geometry and Measurement,Mathematics
258,5,54,2025-09-13,3060,43,0.365,True,Ratios and Proportions,Mathematics
1170,5,74,2025-09-16,2460,61,0.455,True,Statistics and Probability,Mathematics
548,5,18,2025-09-18,2340,33,0.363,True,Ratios and Proportions,Mathematics
449,5,30,2025-09-21,2400,46,0.377,True,Ratios and Proportions,Mathematics
87,5,77,2025-10-12,2640,37,0.3,True,Numbers and Operations,Mathematics
513,5,72,2025-10-13,2760,32,0.315,False,Geometry and Measurement,Mathematics
889,5,80,2025-10-19,1380,32,0.323,True,Electricity and Magnetism,Physics
881,5,100,2025-10-23,3720,51,0.42,True,Light and Sound,Physics
480,5,70,2025-10-25,2220,23,0.322,True,Algebra and Equations,Mathematics
37,5,45,2025-10-26,1200,18,0.349,False,Light and Sound,Physics
775,5,53,2025-11-01,720,58,0.46,False,Ratios and Proportions,Mathematics
244,5,98,2025-11-06,1920,15,0.365,False,Statistics and Probability,Mathematics
700,5,51,2025-11-06,660,33,0.333,False,Matter and Heat,Physics
129,5,28,2025-11-19,1980,28,0.36,False,Numbers and Operations,Mathematics
744,5,30,2025-12-08,1980,27,0.407,True,Ratios and Proportions,Mathematics
1058,5,6,2025-12-18,2820,35,0.458,True,Ratios and Proportions,Mathematics
868,5,85,2025-12-26,1440,39,0.385,False,Scientific Investigation,Physics
595,5,67,2025-12-30,1440,54,0.398,True,Ratios and Proportions,Mathematics
565,6,80,2025-09-09,1560,4,0.279,True,Electricity and Magnetism,Physics
1020,6,58,2025-09-11,2280,24,0.315,True,Electricity and Magnetism,Physics
562,6,39,2025-09-12,3600,21,0.206,True,Scientific Investigation,Physics
659,6,2,2025-09-13,1260,33,0.246,True,Numbers and Operations,Mathematics
1023,6,60,2025-09-22,2040,14,0.309,True,Functions and Graphs,Mathematics
1150,6,94,2025-09-22,4440,18,0.246,True,Matter and Heat,Physics
1103,6,96,2025-10-02,1380,34,0.265,False,Mechanics and Motion,Physics
267,6,60,2025-10-11,1380,32,0.255,True,Functions and Graphs,Mathematics
862,6,41,2025-10-12,2580,10,0.229,True,Numbers and Operations,Mathematics
40,6,40,2025-10-13,4380,28,0.298,True,Electricity and Magnetism,Physics
967,6,77,2025-10-13,3420,23,0.281,True,Numbers and Operations,Mathematics
239,6,21,2025-10-17,3240,18,0.252,True,Matter and Heat,Physics
429,6,64,2025-10-17,2340,26,0.247,True,Algebra and Equations,Mathematics
912,6,84,2025-10-23,4500,34,0.241,True,Statistics and Probability,Mathematics
523,6,80,2025-11-17,2040,23,0.261,True,Electricity and Magnetism,Physics
790,6,94,2025-11-18,2460,39,0.254,True,Matter and Heat,Physics
364,6,35,2025-11-20,1740,25,0.197,True,Algebra and Equations,Mathematics
1127,6,56,2025-11-30,1980,36,0.328,False,Functions and Graphs,Mathematics
102,6,98,2025-12-02,2280,24,0.252,True,Statistics and Probability,Mathematics
662,6,19,2025-12-06,2100,30,0.291,False,Functions and Graphs,Mathematics
892,6,86,2025-12-07,1680,24,0.205,True,Light and Sound,Physics
689,6,86,2025-12-09,1380,34,0.251,True,Light and Sound,Physics
815,6,36,2025-12-13,2880,20,0.242,True,Ratios and Proportions,Mathematics
135,6,65,2025-12-25,3480,9,0.271,False,Functions and Graphs,Mathematics
849,7,71,2025-09-03,2580,59,0.638,False,Light and Sound,Physics
541,7,81,2025-09-05,1260,34,0.374,False,Geometry and Measurement,Mathematics
982,7,38,2025-09-10,4380,66,0.645,True,Light and Sound,Physics
965,7,30,2025-09-11,3120,38,0.369,False,Ratios and Proportions,Mathematics
341,7,86,2025-09-12,1800,41,0.483,False,Light and Sound,Physics
648,7,45,2025-09-14,1740,53,0.531,True,Light and Sound,Physics
588,7,78,2025-09-24,2820,41,0.402,True,Scientific Investigation,Physics
430,7,13,2025-10-01,3540,40,0.353,False,Geometry and Measurement,Mathematics
1171,7,26,2025-10-01,1920,43,0.479,False,Scientific Investigation,Physics
1192,7,10,2025-10-02,2940,51,0.49,True,Scientific Investigation,Physics
306,7,24,2025-10-12,3780,40,0.318,True,Numbers and Operations,Mathematics
4,7,27,2025-10-23,1200,33,0.3,True,Light and Sound,Physics
139,7,87,2025-10-25,780,39,0.313,True,Light and Sound,Physics
966,7,26,2025-10-26,1560,54,0.472,True,Scientific Investigation,Physics
1027,7,16,2025-10-26,4020,16,0.299,True,Forces and Energy,Physics
530,7,50,2025-10-28,1380,47,0.399,True,Algebra and Equations,Mathematics
196,7,71,2025-11-03,2520,53,0.406,True,Light and Sound,Physics
478,7,78,2025-11-05,1980,36,0.345,True,Scientific Investigation,Physics
1046,7,14,2025-11-21,1320,55,0.624,False,Light and Sound,Physics
82,7,11,2025-11-24,2340,46,0.342,True,Ratios and Proportions,Mathematics
985,7,51,2025-11-26,720,33,0.273,False,Matter and Heat,Physics
1101,7,38,2025-11-26,4500,64,0.612,True,Light and Sound,Physics
876,7,32,2025-12-06,1680,27,0.294,True,Mechanics and Motion,Physics
1198,7,89,2025-12-08,1320,19,0.351,False,Numbers and Operations,Mathematics
954,7,32,2025-12-11,1860,32,0.328,True,Mechanics and Motion,Physics
420,7,96,2025-12-16,1140,29,0.275,False,Mechanics and Motion,Physics
451,7,64,2025-12-16,2520,26,0.298,True,Algebra and Equations,Mathematics
8,7,46,2025-12-20,660,39,0.253,True,Mechanics and Motion,Physics
450,7,15,2025-12-25,2100,24,0.319,True,Ratios and Proportions,Mathematics
101,7,97,2025-12-26,3000,41,0.332,True,Functions and Graphs,Mathematics
452,7,37,2025-12-26,1140,52,0.351,True,Algebra and Equations,Mathematics
1128,7,66,2025-12-27,2040,23,0.343,False,Numbers and Operations,Mathematics
846,8,47,2025-09-05,780,30,0.277,False,Ratios and Proportions,Mathematics
803,8,52,2025-09-08,1560,19,0.29,True,Mechanics and Motion,Physics
237,8,20,2025-09-15,3960,13,0.234,True,Algebra and Equations,Mathematics
937,8,6,2025-09-20,2400,28,0.249,True,Ratios and Proportions,Mathematics
170,8,90,2025-09-22,600,36,0.304,True,Light and Sound,Physics
385,8,37,2025-09-23,1740,34,0.24,True,Algebra and Equations,Mathematics
888,8,25,2025-09-25,3000,13,0.23,False,Ratios and Proportions,Mathematics
303,8,52,2025-09-28,1380,22,0.237,False,Mechanics and Motion,Physics
597,8,76,2025-10-03,2100,30,0.307,False,Algebra and Equations,Mathematics
399,8,45,2025-10-13,2160,32,0.253,False,Light and Sound,Physics
445,8,59,2025-10-18,4200,20,0.252,True,Algebra and Equations,Mathematics
632,8,22,2025-10-24,3120,24,0.309,False,Algebra and Equations,Mathematics
447,8,73,2025-11-06,1020,12,0.145,True,Scientific Investigation,Physics
873,8,49,2025-11-07,1860,25,0.306,True,Geometry and Measurement,Mathematics
1013,8,1,2025-11-11,1140,33,0.37,True,Algebra and Equations,Mathematics
916,8,50,2025-11-14,1200,56,0.356,False,Algebra and Equations,Mathematics
320,8,15,2025-11-16,1740,26,0.275,True,Ratios and Proportions,Mathematics
9,8,36,2025-11-27,1860,39,0.302,True,Ratios and Proportions,Mathematics
820,8,60,2025-11-29,1200,19,0.234,True,Functions and Graphs,Mathematics
1162,8,83,2025-12-02,1920,25,0.23,True,Light and Sound,Physics
236,8,100,2025-12-04,3840,32,0.307,True,Light and Sound,Physics
1056,8,37,2025-12-12,1440,48,0.352,True,Algebra and Equations,Mathematics
468,8,78,2025-12-16,2820,23,0.207,True,Scientific Investigation,Physics
960,8,98,2025-12-19,2940,50,0.308,True,Statistics and Probability,Mathematics
949,8,96,2025-12-26,1440,21,0.269,False,Mechanics and Motion,Physics
902,8,81,2025-12-27,1440,31,0.331,True,Geometry and Measurement,Mathematics
278,8,98,2025-12-30,1980,27,0.272,False,Statistics and Probability,Mathematics
789,8,57,2025-12-30,3720,48,0.357,True,Algebra and Equations,Mathematics
821,9,88,2025-09-08,2460,24,0.235,True,Scientific Investigation,Physics
718,9,95,2025-09-16,3600,26,0.343,True,Ratios and Proportions,Mathematics
769,9,32,2025-09-25,1980,39,0.3,True,Mechanics and Motion,Physics
156,9,41,2025-10-03,1740,24,0.213,True,Numbers and Operations,Mathematics
858,9,10,2025-10-08,3180,29,0.16,True,Scientific Investigation,Physics
345,9,81,2025-10-10,900,0,0.227,True,Geometry and Measurement,Mathematics
526,9,20,2025-10-12,3840,41,0.263,True,Algebra and Equations,Mathematics
865,9,35,2025-10-23,2280,22,0.268,True,Algebra and Equations,Mathematics
519,9,59,2025-11-03,3540,25,0.249,True,Algebra and Equations,Mathematics
419,9,44,2025-11-04,1020,36,0.33,True,Ratios and Proportions,Mathematics
938,9,48,2025-11-04,1320,36,0.316,True,Algebra and Equations,Mathematics
1121,9,23,2025-11-07,960,30,0.301,False,Mechanics and Motion,Physics
814,9,100,2025-11-11,2280,28,0.28,True,Light and Sound,Physics
334,9,79,2025-11-13,1380,35,0.303,False,Statistics and Probability,Mathematics
343,9,55,2025-11-15,2220,11,0.272,True,Numbers and Operations,Mathematics
994,9,40,2025-11-16,3540,27,0.253,True,Electricity and Magnetism,Physics
709,9,12,2025-11-18,960,12,0.227,True,Forces and Energy,Physics
362,9,96,2025-11-22,1020,22,0.251,False,Mechanics and Motion,Physics
269,9,12,2025-11-27,1440,36,0.217,False,Forces and Energy,Physics
48,9,14,2025-12-08,1800,24,0.216,True,Light and Sound,Physics
499,9,12,2025-12-09,1260,45,0.26,True,Forces and Energy,Physics
573,9,24,2025-12-11,2700,33,0.3,True,Numbers and Operations,Mathematics
947,9,17,2025-12-14,2760,45,0.227,True,Functions and Graphs,Mathematics
1039,9,46,2025-12-20,900,10,0.295,False,Mechanics and Motion,Physics
173,9,9,2025-12-21,1500,6,0.143,True,Geometry and Measurement,Mathematics
786,9,7,2025-12-24,2520,50,0.363,True,Ratios and Proportions,Mathematics
755,10,31,2025-09-05,1680,40,0.348,True,Functions and Graphs,Mathematics
851,10,93,2025-09-05,1680,30,0.511,True,Ratios and Proportions,Mathematics
1167,10,54,2025-09-05,2460,69,0.637,False,Ratios and Proportions,Mathematics
459,10,92,2025-09-13,1020,30,0.312,True,Algebra and Equations,Mathematics
41,10,47,2025-09-14,540,28,0.337,True,Ratios and Proportions,Mathematics
198,10,8,2025-09-18,1080,1,0.263,False,Numbers and Operations,Mathematics
556,10,29,2025-09-28,600,34,0.329,False,Functions and Graphs,Mathematics
1003,10,22,2025-10-02,3120,56,0.422,True,Algebra and Equations,Mathematics
207,10,91,2025-10-18,780,27,0.304,True,Mechanics and Motion,Physics
424,10,51,2025-10-19,660,43,0.303,True,Matter and Heat,Physics
830,10,77,2025-10-19,3780,33,0.362,False,Numbers and Operations,Mathematics
874,10,18,2025-10-24,2700,51,0.567,True,Ratios and Proportions,Mathematics
762,10,32,2025-10-30,1500,28,0.317,False,Mechanics and Motion,Physics
1144,10,48,2025-11-02,1320,43,0.484,False,Algebra and Equations,Mathematics
328,10,37,2025-11-04,1260,29,0.276,False,Algebra and Equations,Mathematics
600,10,51,2025-11-08,900,47,0.347,True,Matter and Heat,Physics
274,10,95,2025-11-11,2820,50,0.379,False,Ratios and Proportions,Mathematics
1139,10,58,2025-11-11,2580,35,0.387,False,Electricity and Magnetism,Physics
540,10,15,2025-11-26,1920,56,0.502,False,Ratios and Proportions,Mathematics
706,10,42,2025-11-26,900,23,0.302,True,Numbers and Operations,Mathematics
692,10,62,2025-11-29,780,23,0.293,True,Electricity and Magnetism,Physics
426,10,25,2025-12-08,2820,35,0.476,False,Ratios and Proportions,Mathematics
861,10,98,2025-12-08,1860,25,0.255,True,Statistics and Probability,Mathematics
1069,10,62,2025-12-11,540,18,0.341,True,Electricity and Magnetism,Physics
476,10,35,2025-12-25,2460,26,0.313,True,Algebra and Equations,Mathematics
1187,10,93,2025-12-27,1680,52,0.611,False,Ratios and Proportions,Mathematics
99,11,90,2025-09-13,900,21,0.234,True,Light and Sound,Physics
272,11,5,2025-09-13,1920,18,0.26,True,Forces and Energy,Physics
1099,11,47,2025-09-15,1020,25,0.274,False,Ratios and Proportions,Mathematics
36,11,14,2025-09-24,1920,21,0.205,False,Light and Sound,Physics
1108,11,9,2025-09-24,1020,29,0.241,True,Geometry and Measurement,Mathematics
642,11,25,2025-10-01,3240,19,0.246,True,Ratios and Proportions,Mathematics
1022,11,98,2025-10-02,2820,28,0.34,False,Statistics and Probability,Mathematics
56,11,95,2025-10-05,3420,16,0.257,True,Ratios and Proportions,Mathematics
596,11,33,2025-10-07,2160,24,0.293,True,Scientific Investigation,Physics
779,11,95,2025-10-13,2340,19,0.244,True,Ratios and Proportions,Mathematics
1135,11,80,2025-10-20,1560,9,0.226,True,Electricity and Magnetism,Physics
337,11,2,2025-10-22,1740,16,0.352,True,Numbers and Operations,Mathematics
1068,11,57,2025-10-24,3300,25,0.269,False,Algebra and Equations,Mathematics
74,11,25,2025-11-05,2460,35,0.224,False,Ratios and Proportions,Mathematics
580,11,21,2025-11-07,3120,21,0.248,False,Matter and Heat,Physics
113,11,73,2025-11-09,840,24,0.244,True,Scientific Investigation,Physics
85,11,41,2025-11-10,1920,25,0.254,True,Numbers and Operations,Mathematics
360,11,38,2025-11-14,2640,27,0.248,True,Light and Sound,Physics
489,11,34,2025-11-21,1440,35,0.22,True,Functions and Graphs,Mathematics
594,11,79,2025-11-30,1860,38,0.282,True,Statistics and Probability,Mathematics
528,11,61,2025-12-01,2400,36,0.344,True,Functions and Graphs,Mathematics
165,11,86,2025-12-05,1320,18,0.244,True,Light and Sound,Physics
514,11,56,2025-12-12,2760,16,0.277,True,Functions and Graphs,Mathematics
81,11,61,2025-12-17,1860,29,0.22,False,Functions and Graphs,Mathematics
698,11,65,2025-12-18,3180,35,0.388,True,Functions and Graphs,Mathematics
863,11,77,2025-12-22,3420,23,0.34,True,Numbers and Operations,Mathematics
880,11,1,2025-12-27,1080,3,0.197,False,Algebra and Equations,Mathematics
757,11,73,2025-12-28,840,55,0.332,True,Scientific Investigation,Physics
630,12,19,2025-09-13,1740,25,0.274,True,Functions and Graphs,Mathematics
446,12,34,2025-09-14,1680,21,0.26,True,Functions and Graphs,Mathematics
1033,12,12,2025-09-14,1800,28,0.305,True,Forces and Energy,Physics
834,12,12,2025-09-16,1800,33,0.316,False,Forces and Energy,Physics
127,12,12,2025-09-22,1500,13,0.23,False,Forces and Energy,Physics
347,12,69,2025-09-22,3420,31,0.244,True,Matter and Heat,Physics
797,12,64,2025-09-28,2040,11,0.209,True,Algebra and Equations,Mathematics
28,12,24,2025-09-30,3960,33,0.222,True,Numbers and Operations,Mathematics
615,12,20,2025-10-09,3240,21,0.203,True,Algebra and Equations,Mathematics
517,12,69,2025-10-20,2100,39,0.26,False,Matter and Heat,Physics
20,12,57,2025-10-27,2580,28,0.223,False,Algebra and Equations,Mathematics
1136,12,93,2025-11-02,1380,36,0.389,True,Ratios and Proportions,Mathematics
43,12,21,2025-11-03,2700,25,0.214,True,Matter and Heat,Physics
931,12,87,2025-11-07,780,22,0.206,False,Light and Sound,Physics
805,12,28,2025-11-13,2880,26,0.196,True,Numbers and Operations,Mathematics
398,12,54,2025-11-17,2580,31,0.21,False,Ratios and Proportions,Mathematics
21,12,70,2025-11-28,3780,22,0.211,True,Algebra and Equations,Mathematics
432,12,2,2025-12-05,1440,30,0.194,True,Numbers and Operations,Mathematics
359,12,82,2025-12-06,2280,15,0.229,True,Functions and Graphs,Mathematics
1073,12,25,2025-12-08,3420,37,0.308,True,Ratios and Proportions,Mathematics
407,12,16,2025-12-14,3540,24,0.262,False,Forces and Energy,Physics
146,12,55,2025-12-16,2040,6,0.158,True,Numbers and Operations,Mathematics
674,12,94,2025-12-16,3000,31,0.282,True,Matter and Heat,Physics
633,12,50,2025-12-20,1260,31,0.216,True,Algebra and Equations,Mathematics
913,12,97,2025-12-20,2640,52,0.4,True,Functions and Graphs,Mathematics
969,12,1,2025-12-24,1080,18,0.286,False,Algebra and Equations,Mathematics
65,12,8,2025-12-26,660,3,0.223,False,Numbers and Operations,Mathematics
859,12,97,2025-12-27,2700,40,0.328,True,Functions and Graphs,Mathematics
950,12,6,2025-12-27,2220,20,0.286,True,Ratios and Proportions,Mathematics
232,13,68,2025-09-02,3780,10,0.236,True,Matter and Heat,Physics
944,13,20,2025-09-02,3240,39,0.265,True,Algebra and Equations,Mathematics
964,13,3,2025-09-02,1680,19,0.242,True,Functions and Graphs,Mathematics
59,13,9,2025-09-16,1440,4,0.182,True,Geometry and Measurement,Mathematics
825,13,59,2025-09-18,3240,34,0.245,True,Algebra and Equations,Mathematics
764,13,37,2025-09-21,1020,23,0.169,True,Algebra and Equations,Mathematics
1152,13,3,2025-09-29,1680,29,0.259,True,Functions and Graphs,Mathematics
542,13,93,2025-10-01,1440,12,0.246,True,Ratios and Proportions,Mathematics
227,13,2,2025-10-06,1560,28,0.199,True,Numbers and Operations,Mathematics
975,13,43,2025-10-06,600,24,0.195,True,Ratios and Proportions,Mathematics
676,13,61,2025-10-09,2580,19,0.244,True,Functions and Graphs,Mathematics
643,13,80,2025-10-16,2100,27,0.282,True,Electricity and Magnetism,Physics
463,13,26,2025-10-31,2100,6,0.225,False,Scientific Investigation,Physics
84,13,69,2025-11-01,2340,13,0.232,True,Matter and Heat,Physics
257,13,32,2025-11-04,1620,17,0.235,True,Mechanics and Motion,Physics
696,13,72,2025-11-04,2580,19,0.18,True,Geometry and Measurement,Mathematics
1076,13,9,2025-11-12,1320,12,0.155,True,Geometry and Measurement,Mathematics
510,13,23,2025-11-22,780,23,0.284,True,Mechanics and Motion,Physics
833,13,17,2025-11-23,2100,22,0.236,True,Functions and Graphs,Mathematics
294,13,2,2025-11-28,1260,23,0.196,True,Numbers and Operations,Mathematics
579,13,61,2025-12-01,3060,23,0.224,True,Functions and Graphs,Mathematics
1161,13,95,2025-12-06,3120,8,0.169,True,Ratios and Proportions,Mathematics
215,13,90,2025-12-15,1080,10,0.129,False,Light and Sound,Physics
150,13,75,2025-12-26,3420,10,0.19,False,Statistics and Probability,Mathematics
677,14,13,2025-09-03,4200,19,0.255,True,Geometry and Measurement,Mathematics
1098,14,21,2025-09-06,3120,18,0.278,True,Matter and Heat,Physics
66,14,97,2025-09-16,2700,41,0.21,True,Functions and Graphs,Mathematics
1190,14,50,2025-09-17,1020,24,0.291,True,Algebra and Equations,Mathematics
213,14,44,2025-10-06,1320,20,0.206,True,Ratios and Proportions,Mathematics
533,14,75,2025-10-06,3900,31,0.311,False,Statistics and Probability,Mathematics
917,14,9,2025-10-08,840,23,0.283,True,Geometry and Measurement,Mathematics
324,14,69,2025-10-12,3180,25,0.194,True,Matter and Heat,Physics
1048,14,65,2025-10-12,2880,46,0.357,False,Functions and Graphs,Mathematics
511,14,84,2025-10-16,4020,38,0.277,True,Statistics and Probability,Mathematics
777,14,55,2025-10-20,2040,13,0.2,True,Numbers and Operations,Mathematics
894,14,88,2025-11-01,1620,28,0.234,True,Scientific Investigation,Physics
598,14,28,2025-11-10,2100,0,0.127,True,Numbers and Operations,Mathematics
656,14,21,2025-11-10,3120,31,0.248,True,Matter and Heat,Physics
915,14,5,2025-11-10,2220,36,0.282,True,Forces and Energy,Physics
307,14,80,2025-11-12,1740,26,0.169,False,Electricity and Magnetism,Physics
808,14,57,2025-11-27,3900,20,0.213,True,Algebra and Equations,Mathematics
145,14,29,2025-11-29,660,38,0.295,True,Functions and Graphs,Mathematics
561,14,91,2025-12-01,840,28,0.193,True,Mechanics and Motion,Physics
780,14,51,2025-12-02,660,7,0.288,True,Matter and Heat,Physics
118,14,5,2025-12-07,2280,9,0.22,False,Forces and Energy,Physics
415,14,47,2025-12-08,720,38,0.276,True,Ratios and Proportions,Mathematics
1145,14,89,2025-12-14,1680,30,0.243,True,Numbers and Operations,Mathematics
591,14,30,2025-12-16,2400,27,0.255,False,Ratios and Proportions,Mathematics
361,14,61,2025-12-28,1860,30,0.307,True,Functions and Graphs,Mathematics
266,15,99,2025-09-13,3240,29,0.259,True,Light and Sound,Physics
240,15,62,2025-09-14,600,52,0.286,True,Electricity and Magnetism,Physics
1008,15,31,2025-09-14,1620,46,0.585,True,Functions and Graphs,Mathematics
690,15,37,2025-09-19,1200,20,0.449,False,Algebra and Equations,Mathematics
166,15,49,2025-09-26,1380,41,0.345,True,Geometry and Measurement,Mathematics
842,15,86,2025-09-30,1500,76,0.619,True,Light and Sound,Physics
509,15,34,2025-10-03,1440,50,0.468,True,Functions and Graphs,Mathematics
106,15,22,2025-10-14,3420,29,0.331,False,Algebra and Equations,Mathematics
771,15,3,2025-10-22,2580,54,0.498,True,Functions and Graphs,Mathematics
1084,15,72,2025-10-28,2520,29,0.391,True,Geometry and Measurement,Mathematics
813,15,61,2025-10-29,2400,56,0.551,True,Functions and Graphs,Mathematics
628,15,42,2025-10-30,660,34,0.286,True,Numbers and Operations,Mathematics
823,15,90,2025-10-31,720,57,0.557,False,Light and Sound,Physics
657,15,25,2025-11-19,2100,26,0.308,True,Ratios and Proportions,Mathematics
1002,15,18,2025-11-19,2640,47,0.391,True,Ratios and Proportions,Mathematics
1,15,56,2025-11-24,1560,39,0.311,True,Functions and Graphs,Mathematics
400,15,90,2025-11-24,840,30,0.396,True,Light and Sound,Physics
276,15,14,2025-11-25,1800,33,0.313,True,Light and Sound,Physics
68,15,19,2025-12-01,2100,47,0.355,True,Functions and Graphs,Mathematics
787,15,86,2025-12-08,1680,58,0.489,False,Light and Sound,Physics
350,15,21,2025-12-09,3180,13,0.28,True,Matter and Heat,Physics
953,15,26,2025-12-14,1680,22,0.267,True,Scientific Investigation,Physics
373,15,41,2025-12-19,2880,8,0.229,True,Numbers and Operations,Mathematics
681,15,16,2025-12-21,4440,39,0.409,False,Forces and Energy,Physics
848,15,80,2025-12-29,1380,47,0.35,True,Electricity and Magnetism,Physics
469,15,16,2025-12-30,2820,34,0.346,True,Forces and Energy,Physics
665,16,92,2025-09-05,1860,24,0.388,True,Algebra and Equations,Mathematics
175,16,73,2025-09-10,1260,40,0.341,True,Scientific Investigation,Physics
658,16,15,2025-09-16,2460,35,0.382,False,Ratios and Proportions,Mathematics
791,16,33,2025-09-18,2880,54,0.498,True,Scientific Investigation,Physics
309,16,80,2025-09-21,1860,26,0.289,True,Electricity and Magnetism,Physics
425,16,35,2025-09-24,2100,46,0.384,True,Algebra and Equations,Mathematics
524,16,17,2025-09-24,2880,42,0.33,False,Functions and Graphs,Mathematics
855,16,21,2025-09-30,3120,44,0.31,True,Matter and Heat,Physics
27,16,19,2025-10-03,1560,21,0.277,True,Functions and Graphs,Mathematics
683,16,94,2025-10-04,3420,35,0.306,True,Matter and Heat,Physics
711,16,4,2025-10-09,1980,20,0.211,True,Geometry and Measurement,Mathematics
767,16,80,2025-10-14,1680,33,0.335,True,Electricity and Magnetism,Physics
1160,16,22,2025-10-17,3060,50,0.445,True,Algebra and Equations,Mathematics
371,16,4,2025-10-18,2340,42,0.207,True,Geometry and Measurement,Mathematics
1112,16,42,2025-10-25,780,33,0.317,True,Numbers and Operations,Mathematics
117,16,39,2025-10-26,3120,41,0.294,False,Scientific Investigation,Physics
124,16,57,2025-10-26,4260,37,0.317,True,Algebra and Equations,Mathematics
963,16,40,2025-10-31,3540,14,0.33,True,Electricity and Magnetism,Physics
412,16,88,2025-11-05,1680,24,0.351,False,Scientific Investigation,Physics
611,16,78,2025-11-13,2400,38,0.383,True,Scientific Investigation,Physics
393,16,62,2025-11-22,540,11,0.299,False,Electricity and Magnetism,Physics
406,16,46,2025-11-22,1080,14,0.29,True,Mechanics and Motion,Physics
893,16,2,2025-11-25,1860,45,0.311,True,Numbers and Operations,Mathematics
852,16,20,2025-11-26,3660,37,0.399,True,Algebra and Equations,Mathematics
163,16,30,2025-12-03,2460,51,0.342,True,Ratios and Proportions,Mathematics
290,16,3,2025-12-08,1800,32,0.274,True,Functions and Graphs,Mathematics
225,16,74,2025-12-09,2220,32,0.31,True,Statistics and Probability,Mathematics
233,16,9,2025-12-10,1200,6,0.221,True,Geometry and Measurement,Mathematics
378,16,3,2025-12-13,2580,34,0.342,True,Functions and Graphs,Mathematics
763,16,78,2025-12-13,1800,54,0.491,True,Scientific Investigation,Physics
817,16,9,2025-12-14,1020,26,0.193,True,Geometry and Measurement,Mathematics
1149,16,95,2025-12-17,2760,65,0.437,True,Ratios and Proportions,Mathematics
162,17,58,2025-09-05,2340,37,0.364,True,Electricity and Magnetism,Physics
582,17,96,2025-09-10,1080,32,0.345,False,Mechanics and Motion,Physics
734,17,49,2025-09-13,1260,32,0.297,True,Geometry and Measurement,Mathematics
316,17,96,2025-09-15,1320,27,0.282,True,Mechanics and Motion,Physics
1194,17,32,2025-09-19,2040,40,0.364,True,Mechanics and Motion,Physics
1195,17,26,2025-10-05,1680,32,0.366,True,Scientific Investigation,Physics
462,17,19,2025-10-07,1320,41,0.336,True,Functions and Graphs,Mathematics
742,17,17,2025-10-07,3420,39,0.428,True,Functions and Graphs,Mathematics
712,17,39,2025-10-09,3180,31,0.313,True,Scientific Investigation,Physics
527,17,98,2025-10-10,2520,8,0.268,True,Statistics and Probability,Mathematics
1010,17,98,2025-10-17,1740,28,0.303,True,Statistics and Probability,Mathematics
1118,17,40,2025-10-17,4200,52,0.462,True,Electricity and Magnetism,Physics
482,17,97,2025-10-24,4500,23,0.365,True,Functions and Graphs,Mathematics
137,17,30,2025-10-27,2880,16,0.299,True,Ratios and Proportions,Mathematics
956,17,98,2025-10-29,2040,38,0.276,False,Statistics and Probability,Mathematics
375,17,43,2025-10-30,780,46,0.383,True,Ratios and Proportions,Mathematics
989,17,44,2025-11-04,1740,63,0.523,True,Ratios and Proportions,Mathematics
835,17,44,2025-11-08,1680,33,0.441,True,Ratios and Proportions,Mathematics
355,17,97,2025-11-17,4260,22,0.291,True,Functions and Graphs,Mathematics
668,17,80,2025-11-17,1440,42,0.415,True,Electricity and Magnetism,Physics
431,17,78,2025-11-18,2640,16,0.205,False,Scientific Investigation,Physics
483,17,39,2025-11-25,3360,11,0.303,True,Scientific Investigation,Physics
1120,17,64,2025-11-25,2580,0,0.28,True,Algebra and Equations,Mathematics
686,17,30,2025-12-02,2760,39,0.4,True,Ratios and Proportions,Mathematics
708,17,28,2025-12-12,2220,25,0.262,True,Numbers and Operations,Mathematics
142,17,58,2025-12-19,1680,25,0.26,False,Electricity and Magnetism,Physics
624,17,9,2025-12-20,900,11,0.232,True,Geometry and Measurement,Mathematics
829,17,17,2025-12-21,2040,49,0.473,True,Functions and Graphs,Mathematics
682,18,20,2025-09-04,2640,15,0.22,True,Algebra and Equations,Mathematics
1151,18,16,2025-09-04,4380,36,0.294,True,Forces and Energy,Physics
1062,18,72,2025-09-20,3240,47,0.399,True,Geometry and Measurement,Mathematics
295,18,96,2025-09-24,1260,21,0.223,True,Mechanics and Motion,Physics
552,18,40,2025-09-24,2820,29,0.278,True,Electricity and Magnetism,Physics
644,18,38,2025-10-07,3540,39,0.363,True,Light and Sound,Physics
784,18,77,2025-10-10,3300,65,0.413,True,Numbers and Operations,Mathematics
383,18,51,2025-10-14,1080,18,0.269,True,Matter and Heat,Physics
484,18,45,2025-10-17,1560,44,0.295,True,Light and Sound,Physics
546,18,49,2025-10-18,1080,45,0.349,True,Geometry and Measurement,Mathematics
625,18,17,2025-10-22,2460,22,0.31,True,Functions and Graphs,Mathematics
679,18,91,2025-10-24,900,19,0.23,True,Mechanics and Motion,Physics
313,18,8,2025-10-27,840,39,0.377,True,Numbers and Operations,Mathematics
715,18,57,2025-11-01,2700,31,0.275,True,Algebra and Equations,Mathematics
1071,18,11,2025-11-08,2880,21,0.267,True,Ratios and Proportions,Mathematics
261,18,86,2025-11-10,1500,32,0.22,True,Light and Sound,Physics
685,18,58,2025-11-14,2580,33,0.291,False,Electricity and Magnetism,Physics
646,18,14,2025-11-26,1560,42,0.422,True,Light and Sound,Physics
157,18,21,2025-12-02,2520,28,0.218,True,Matter and Heat,Physics
1176,18,7,2025-12-10,1620,30,0.306,True,Ratios and Proportions,Mathematics
572,18,63,2025-12-11,3660,66,0.401,False,Geometry and Measurement,Mathematics
972,18,50,2025-12-23,1620,51,0.354,True,Algebra and Equations,Mathematics
25,19,44,2025-09-06,1500,30,0.258,True,Ratios and Proportions,Mathematics
369,19,14,2025-09-10,1980,23,0.228,True,Light and Sound,Physics
384,19,74,2025-09-11,1680,16,0.221,False,Statistics and Probability,Mathematics
197,19,92,2025-10-01,1080,24,0.281,True,Algebra and Equations,Mathematics
946,19,67,2025-10-07,2220,32,0.277,True,Ratios and Proportions,Mathematics
666,19,2,2025-10-13,1440,28,0.211,True,Numbers and Operations,Mathematics
1107,19,93,2025-10-22,1560,32,0.306,True,Ratios and Proportions,Mathematics
1109,19,69,2025-10-26,2520,21,0.223,True,Matter and Heat,Physics
325,19,31,2025-11-03,1200,47,0.254,True,Functions and Graphs,Mathematics
497,19,48,2025-11-09,2040,42,0.257,True,Algebra and Equations,Mathematics
1137,19,56,2025-11-28,1620,26,0.254,True,Functions and Graphs,Mathematics
794,19,33,2025-11-29,3840,31,0.28,True,Scientific Investigation,Physics
735,19,14,2025-12-01,1440,36,0.232,True,Light and Sound,Physics
746,19,81,2025-12-04,1140,27,0.281,True,Geometry and Measurement,Mathematics
987,19,85,2025-12-04,1380,26,0.261,True,Scientific Investigation,Physics
33,19,25,2025-12-07,3180,44,0.285,True,Ratios and Proportions,Mathematics
721,19,46,2025-12-08,660,36,0.233,False,Mechanics and Motion,Physics
332,20,86,2025-09-03,1920,40,0.2,True,Light and Sound,Physics
850,20,73,2025-09-09,1320,0,0.135,True,Scientific Investigation,Physics
457,20,26,2025-09-11,1380,3,0.115,True,Scientific Investigation,Physics
729,20,31,2025-09-18,1560,30,0.287,True,Functions and Graphs,Mathematics
538,20,61,2025-09-21,2700,38,0.324,True,Functions and Graphs,Mathematics
1126,20,44,2025-09-23,1320,6,0.144,True,Ratios and Proportions,Mathematics
1188,20,49,2025-10-06,1260,31,0.304,True,Geometry and Measurement,Mathematics
839,20,72,2025-10-09,3240,23,0.238,True,Geometry and Measurement,Mathematics
1173,20,45,2025-10-15,2220,26,0.245,True,Light and Sound,Physics
1095,20,42,2025-10-31,720,0,0.115,True,Numbers and Operations,Mathematics
327,20,23,2025-11-08,540,21,0.249,True,Mechanics and Motion,Physics
1066,20,72,2025-11-08,3120,51,0.254,True,Geometry and Measurement,Mathematics
756,20,59,2025-11-12,3720,27,0.296,True,Algebra and Equations,Mathematics
1178,20,5,2025-11-12,1860,23,0.218,True,Forces and Energy,Physics
890,20,7,2025-11-17,2460,10,0.117,True,Ratios and Proportions,Mathematics
444,20,80,2025-11-22,1140,24,0.189,True,Electricity and Magnetism,Physics
905,20,89,2025-11-23,1440,19,0.116,True,Numbers and Operations,Mathematics
564,20,60,2025-11-25,1920,37,0.325,False,Functions and Graphs,Mathematics
183,20,80,2025-11-26,1620,8,0.17,True,Electricity and Magnetism,Physics
678,20,76,2025-11-26,2160,13,0.254,True,Algebra and Equations,Mathematics
831,20,5,2025-11-27,1440,31,0.258,True,Forces and Energy,Physics
331,20,70,2025-12-04,2160,25,0.143,True,Algebra and Equations,Mathematics
926,20,75,2025-12-11,2520,14,0.198,True,Statistics and Probability,Mathematics
29,20,82,2025-12-17,2580,26,0.266,False,Functions and Graphs,Mathematics
932,20,64,2025-12-18,2520,22,0.391,True,Algebra and Equations,Mathematics
649,20,15,2025-12-22,2520,26,0.149,True,Ratios and Proportions,Mathematics
467,21,90,2025-09-03,840,18,0.334,False,Light and Sound,Physics
939,21,86,2025-09-08,1560,44,0.377,True,Light and Sound,Physics
1164,21,8,2025-09-14,900,52,0.467,False,Numbers and Operations,Mathematics
79,21,71,2025-10-05,2100,18,0.214,False,Light and Sound,Physics
623,21,28,2025-10-11,3000,48,0.327,False,Numbers and Operations,Mathematics
991,21,26,2025-10-26,2220,30,0.257,True,Scientific Investigation,Physics
687,21,51,2025-11-01,1080,17,0.115,True,Matter and Heat,Physics
923,21,77,2025-11-02,3720,43,0.439,True,Numbers and Operations,Mathematics
727,21,34,2025-11-08,960,28,0.181,True,Functions and Graphs,Mathematics
887,21,61,2025-11-08,3180,42,0.265,True,Functions and Graphs,Mathematics
423,21,41,2025-11-19,2340,21,0.206,False,Numbers and Operations,Mathematics
60,21,68,2025-11-20,3660,0,0.108,True,Matter and Heat,Physics
260,21,46,2025-11-23,720,8,0.098,False,Mechanics and Motion,Physics
479,21,40,2025-12-01,2520,4,0.224,True,Electricity and Magnetism,Physics
840,21,48,2025-12-02,2100,11,0.137,True,Algebra and Equations,Mathematics
1096,21,26,2025-12-02,1740,4,0.317,True,Scientific Investigation,Physics
493,21,86,2025-12-03,1920,39,0.345,True,Light and Sound,Physics
435,21,86,2025-12-10,2100,50,0.282,False,Light and Sound,Physics
505,21,2,2025-12-11,1320,33,0.253,True,Numbers and Operations,Mathematics
153,21,94,2025-12-12,4380,13,0.128,True,Matter and Heat,Physics
910,21,47,2025-12-17,600,24,0.204,True,Ratios and Proportions,Mathematics
693,22,83,2025-09-03,2040,20,0.221,True,Light and Sound,Physics
853,22,7,2025-09-07,2100,52,0.462,False,Ratios and Proportions,Mathematics
908,22,45,2025-09-13,1980,34,0.342,True,Light and Sound,Physics
259,22,74,2025-09-15,1920,38,0.316,False,Statistics and Probability,Mathematics
977,22,35,2025-09-23,2100,24,0.257,True,Algebra and Equations,Mathematics
776,22,68,2025-10-02,3600,32,0.311,True,Matter and Heat,Physics
978,22,28,2025-10-11,2580,38,0.276,False,Numbers and Operations,Mathematics
394,22,91,2025-10-13,960,34,0.382,True,Mechanics and Motion,Physics
366,22,46,2025-10-27,720,32,0.34,True,Mechanics and Motion,Physics
1085,22,64,2025-10-30,2400,29,0.29,True,Algebra and Equations,Mathematics
1082,22,81,2025-11-06,1140,49,0.433,True,Geometry and Measurement,Mathematics
793,22,63,2025-11-17,2280,35,0.257,False,Geometry and Measurement,Mathematics
460,22,73,2025-11-23,1200,32,0.209,False,Scientific Investigation,Physics
1000,22,60,2025-11-27,1980,26,0.259,True,Functions and Graphs,Mathematics
782,22,40,2025-11-28,3840,16,0.29,True,Electricity and Magnetism,Physics
1063,22,30,2025-12-11,2700,50,0.542,False,Ratios and Proportions,Mathematics
634,22,47,2025-12-14,900,40,0.373,False,Ratios and Proportions,Mathematics
968,22,13,2025-12-19,2580,36,0.329,True,Geometry and Measurement,Mathematics
119,22,23,2025-12-21,540,19,0.251,True,Mechanics and Motion,Physics
134,22,15,2025-12-25,2700,21,0.306,True,Ratios and Proportions,Mathematics
959,23,99,2025-09-11,3720,26,0.243,False,Light and Sound,Physics
67,23,46,2025-09-20,840,5,0.212,True,Mechanics and Motion,Physics
441,23,88,2025-09-21,2460,19,0.213,True,Scientific Investigation,Physics
1061,23,100,2025-10-01,3360,0,0.235,True,Light and Sound,Physics
396,23,93,2025-10-03,1200,25,0.229,True,Ratios and Proportions,Mathematics
722,23,66,2025-10-08,1860,47,0.317,True,Numbers and Operations,Mathematics
1089,23,84,2025-10-08,4020,36,0.324,True,Statistics and Probability,Mathematics
860,23,68,2025-10-11,3720,31,0.279,True,Matter and Heat,Physics
391,23,4,2025-10-14,2100,30,0.2,True,Geometry and Measurement,Mathematics
621,23,74,2025-10-14,2040,22,0.248,True,Statistics and Probability,Mathematics
1168,23,44,2025-10-15,1560,38,0.295,True,Ratios and Proportions,Mathematics
570,23,63,2025-10-17,2460,5,0.186,True,Geometry and Measurement,Mathematics
110,23,60,2025-10-19,1680,21,0.215,False,Functions and Graphs,Mathematics
760,23,63,2025-11-03,3180,4,0.227,True,Geometry and Measurement,Mathematics
498,23,18,2025-11-22,2160,39,0.23,True,Ratios and Proportions,Mathematics
783,23,50,2025-11-25,1740,25,0.228,True,Algebra and Equations,Mathematics
899,23,69,2025-12-06,2580,50,0.384,True,Matter and Heat,Physics
1078,23,93,2025-12-06,1500,24,0.223,True,Ratios and Proportions,Mathematics
1159,23,100,2025-12-09,2880,26,0.259,True,Light and Sound,Physics
181,24,7,2025-09-02,1500,16,0.234,False,Ratios and Proportions,Mathematics
535,24,23,2025-09-10,600,13,0.203,False,Mechanics and Motion,Physics
640,24,86,2025-09-12,2160,16,0.261,True,Light and Sound,Physics
417,24,4,2025-09-20,2280,34,0.208,False,Geometry and Measurement,Mathematics
326,24,19,2025-09-23,1740,10,0.192,False,Functions and Graphs,Mathematics
906,24,45,2025-10-04,1980,37,0.307,True,Light and Sound,Physics
550,24,95,2025-10-06,2700,19,0.209,True,Ratios and Proportions,Mathematics
405,24,12,2025-10-10,1680,16,0.173,False,Forces and Energy,Physics
583,24,63,2025-10-11,3600,29,0.24,True,Geometry and Measurement,Mathematics
86,24,98,2025-10-19,3180,52,0.213,False,Statistics and Probability,Mathematics
1018,24,61,2025-10-20,1980,0,0.177,True,Functions and Graphs,Mathematics
824,24,52,2025-10-23,1140,19,0.243,True,Mechanics and Motion,Physics
1019,24,87,2025-10-23,540,54,0.374,True,Light and Sound,Physics
140,24,99,2025-10-29,2220,20,0.168,False,Light and Sound,Physics
1106,24,16,2025-10-30,4020,4,0.139,True,Forces and Energy,Physics
1146,24,94,2025-11-11,3000,11,0.242,True,Matter and Heat,Physics
281,24,54,2025-11-16,3420,14,0.222,False,Ratios and Proportions,Mathematics
663,24,93,2025-11-17,1380,28,0.27,True,Ratios and Proportions,Mathematics
1123,24,95,2025-11-18,2760,42,0.4,True,Ratios and Proportions,Mathematics
1174,24,15,2025-11-18,1980,47,0.372,False,Ratios and Proportions,Mathematics
155,24,6,2025-11-21,2100,30,0.185,True,Ratios and Proportions,Mathematics
95,24,53,2025-11-23,480,1,0.183,False,Ratios and Proportions,Mathematics
109,24,69,2025-11-26,2820,14,0.217,True,Matter and Heat,Physics
158,24,45,2025-11-27,2160,34,0.2,False,Light and Sound,Physics
785,24,25,2025-11-27,3180,29,0.309,True,Ratios and Proportions,Mathematics
1070,24,63,2025-11-29,2700,28,0.24,False,Geometry and Measurement,Mathematics
801,24,34,2025-11-30,1080,13,0.215,True,Functions and Graphs,Mathematics
409,24,28,2025-12-04,2040,32,0.169,False,Numbers and Operations,Mathematics
12,24,58,2025-12-12,2640,9,0.212,True,Electricity and Magnetism,Physics
1115,24,23,2025-12-13,960,27,0.268,False,Mechanics and Motion,Physics
289,24,87,2025-12-18,600,6,0.202,False,Light and Sound,Physics
1102,24,34,2025-12-29,960,33,0.206,False,Functions and Graphs,Mathematics
44,24,56,2025-12-30,2220,11,0.175,True,Functions and Graphs,Mathematics
319,25,86,2025-09-06,1740,12,0.247,True,Light and Sound,Physics
455,25,54,2025-09-07,3060,31,0.335,True,Ratios and Proportions,Mathematics
114,25,15,2025-09-09,1800,38,0.323,True,Ratios and Proportions,Mathematics
1016,25,78,2025-09-12,2760,33,0.372,True,Scientific Investigation,Physics
1169,25,83,2025-09-12,2520,40,0.29,False,Light and Sound,Physics
627,25,26,2025-09-14,1620,31,0.327,True,Scientific Investigation,Physics
10,25,46,2025-10-04,840,16,0.324,True,Mechanics and Motion,Physics
654,25,16,2025-10-07,4080,14,0.3,True,Forces and Energy,Physics
338,25,46,2025-10-12,960,27,0.358,True,Mechanics and Motion,Physics
1038,25,47,2025-10-26,780,19,0.348,True,Ratios and Proportions,Mathematics
365,25,68,2025-10-27,2400,13,0.271,True,Matter and Heat,Physics
1105,25,98,2025-11-11,2280,15,0.317,True,Statistics and Probability,Mathematics
1031,25,96,2025-11-20,1440,40,0.429,True,Mechanics and Motion,Physics
601,25,76,2025-11-22,2400,21,0.277,True,Algebra and Equations,Mathematics
69,25,86,2025-11-30,1680,32,0.241,True,Light and Sound,Physics
723,25,26,2025-12-01,1920,36,0.379,True,Scientific Investigation,Physics
486,25,58,2025-12-10,1920,24,0.299,True,Electricity and Magnetism,Physics
751,25,46,2025-12-17,960,43,0.372,False,Mechanics and Motion,Physics
732,25,60,2025-12-25,1800,4,0.259,True,Functions and Graphs,Mathematics
1091,25,87,2025-12-30,780,21,0.269,True,Light and Sound,Physics
491,26,48,2025-09-03,2100,0,0.172,True,Algebra and Equations,Mathematics
32,26,7,2025-10-05,2400,19,0.18,False,Ratios and Proportions,Mathematics
1094,26,96,2025-11-06,1800,20,0.185,False,Mechanics and Motion,Physics
841,26,67,2025-11-08,1860,29,0.222,True,Ratios and Proportions,Mathematics
1006,26,40,2025-11-21,2400,25,0.2,False,Electricity and Magnetism,Physics
739,26,20,2025-11-23,2940,35,0.236,True,Algebra and Equations,Mathematics
940,26,99,2025-11-25,3300,6,0.215,True,Light and Sound,Physics
296,26,3,2025-12-07,2760,13,0.178,True,Functions and Graphs,Mathematics
90,26,49,2025-12-09,1200,13,0.208,True,Geometry and Measurement,Mathematics
1079,26,45,2025-12-11,1260,19,0.221,True,Light and Sound,Physics
933,26,78,2025-12-14,1680,24,0.255,True,Scientific Investigation,Physics
836,27,66,2025-09-17,2220,32,0.253,True,Numbers and Operations,Mathematics
354,27,98,2025-10-03,2400,44,0.416,True,Statistics and Probability,Mathematics
1153,27,95,2025-10-06,2520,13,0.131,True,Ratios and Proportions,Mathematics
701,27,87,2025-10-12,720,0,0.172,True,Light and Sound,Physics
168,27,77,2025-10-17,3900,12,0.233,False,Numbers and Operations,Mathematics
255,27,75,2025-10-19,2520,23,0.316,True,Statistics and Probability,Mathematics
1007,27,42,2025-10-20,660,24,0.237,True,Numbers and Operations,Mathematics
403,27,47,2025-10-21,600,11,0.192,True,Ratios and Proportions,Mathematics
13,27,84,2025-10-25,2520,19,0.253,False,Statistics and Probability,Mathematics
370,27,91,2025-10-28,1020,37,0.309,True,Mechanics and Motion,Physics
585,27,57,2025-11-06,3780,42,0.369,True,Algebra and Equations,Mathematics
136,27,60,2025-11-09,1680,14,0.228,True,Functions and Graphs,Mathematics
606,27,97,2025-11-12,2940,30,0.251,False,Functions and Graphs,Mathematics
745,27,71,2025-11-13,1860,26,0.242,True,Light and Sound,Physics
599,27,69,2025-11-20,3120,15,0.245,True,Matter and Heat,Physics
730,27,90,2025-12-04,1020,18,0.23,True,Light and Sound,Physics
898,27,53,2025-12-04,420,17,0.188,True,Ratios and Proportions,Mathematics
680,27,49,2025-12-11,1800,21,0.275,True,Geometry and Measurement,Mathematics
172,27,85,2025-12-13,1200,38,0.292,False,Scientific Investigation,Physics
382,27,20,2025-12-13,3120,36,0.322,True,Algebra and Equations,Mathematics
799,27,94,2025-12-21,4380,32,0.334,True,Matter and Heat,Physics
226,27,91,2025-12-25,960,36,0.204,True,Mechanics and Motion,Physics
590,27,74,2025-12-26,2580,42,0.46,True,Statistics and Probability,Mathematics
895,27,14,2025-12-26,1920,26,0.295,True,Light and Sound,Physics
104,28,69,2025-09-20,3420,9,0.156,True,Matter and Heat,Physics
900,28,30,2025-10-02,2400,0,0.178,True,Ratios and Proportions,Mathematics
986,28,100,2025-10-13,2460,13,0.1,True,Light and Sound,Physics
955,28,46,2025-10-18,900,16,0.175,True,Mechanics and Motion,Physics
1196,28,49,2025-10-19,1680,39,0.269,True,Geometry and Measurement,Mathematics
22,28,30,2025-10-22,1860,27,0.22,True,Ratios and Proportions,Mathematics
349,28,90,2025-11-05,960,29,0.144,True,Light and Sound,Physics
807,28,22,2025-11-06,2220,31,0.248,True,Algebra and Equations,Mathematics
167,28,8,2025-11-09,780,24,0.116,True,Numbers and Operations,Mathematics
576,28,37,2025-11-10,1140,13,0.172,True,Algebra and Equations,Mathematics
728,28,93,2025-11-11,1200,23,0.173,True,Ratios and Proportions,Mathematics
1040,28,4,2025-11-16,2580,26,0.23,True,Geometry and Measurement,Mathematics
190,28,15,2025-11-18,2160,2,0.189,True,Ratios and Proportions,Mathematics
952,28,7,2025-11-19,1920,4,0.169,True,Ratios and Proportions,Mathematics
1142,28,46,2025-11-19,960,26,0.219,True,Mechanics and Motion,Physics
612,28,25,2025-11-21,3060,10,0.134,True,Ratios and Proportions,Mathematics
1077,28,77,2025-11-26,2220,16,0.137,False,Numbers and Operations,Mathematics
7,28,100,2025-11-30,3540,10,0.157,True,Light and Sound,Physics
356,28,41,2025-12-07,2580,10,0.192,True,Numbers and Operations,Mathematics
171,28,52,2025-12-15,1920,19,0.168,True,Mechanics and Motion,Physics
1138,28,50,2025-12-29,960,23,0.227,False,Algebra and Equations,Mathematics
1030,28,39,2025-12-30,3060,11,0.19,True,Scientific Investigation,Physics
1015,29,47,2025-09-12,960,56,0.457,True,Ratios and Proportions,Mathematics
174,29,84,2025-09-15,2820,38,0.256,True,Statistics and Probability,Mathematics
669,29,70,2025-09-18,2160,26,0.185,True,Algebra and Equations,Mathematics
927,29,31,2025-09-18,1200,25,0.272,True,Functions and Graphs,Mathematics
1081,29,97,2025-09-29,4260,34,0.281,True,Functions and Graphs,Mathematics
639,29,86,2025-10-10,1260,48,0.293,True,Light and Sound,Physics
918,29,83,2025-10-13,1560,15,0.263,True,Light and Sound,Physics
389,29,41,2025-10-18,2520,34,0.293,True,Numbers and Operations,Mathematics
335,29,32,2025-10-22,1380,33,0.367,True,Mechanics and Motion,Physics
617,29,95,2025-10-22,2460,48,0.348,True,Ratios and Proportions,Mathematics
516,29,32,2025-10-27,1620,34,0.379,True,Mechanics and Motion,Physics
695,29,95,2025-11-28,2460,41,0.419,True,Ratios and Proportions,Mathematics
408,29,99,2025-11-29,2400,17,0.283,True,Light and Sound,Physics
386,29,66,2025-11-30,1320,32,0.27,True,Numbers and Operations,Mathematics
351,29,30,2025-12-03,1800,35,0.245,True,Ratios and Proportions,Mathematics
828,29,65,2025-12-24,3420,26,0.275,True,Functions and Graphs,Mathematics
559,30,18,2025-09-18,2400,20,0.257,True,Ratios and Proportions,Mathematics
539,30,83,2025-09-19,1800,29,0.185,False,Light and Sound,Physics
83,30,19,2025-09-20,1740,33,0.247,True,Functions and Graphs,Mathematics
122,30,91,2025-10-12,840,45,0.276,True,Mechanics and Motion,Physics
962,30,67,2025-10-19,1680,48,0.337,True,Ratios and Proportions,Mathematics
1036,30,25,2025-10-19,2340,10,0.316,True,Ratios and Proportions,Mathematics
390,30,40,2025-10-20,3780,17,0.251,False,Electricity and Magnetism,Physics
380,30,37,2025-10-31,1200,37,0.235,True,Algebra and Equations,Mathematics
558,30,46,2025-11-02,660,3,0.157,True,Mechanics and Motion,Physics
96,30,79,2025-11-03,1260,21,0.211,False,Statistics and Probability,Mathematics
130,30,41,2025-11-03,2040,32,0.24,True,Numbers and Operations,Mathematics
943,30,60,2025-11-08,1200,33,0.29,True,Functions and Graphs,Mathematics
138,30,46,2025-11-15,960,7,0.231,False,Mechanics and Motion,Physics
253,30,95,2025-11-19,3540,37,0.321,True,Ratios and Proportions,Mathematics
395,30,18,2025-11-26,2520,16,0.265,True,Ratios and Proportions,Mathematics
736,30,7,2025-11-27,1740,3,0.339,True,Ratios and Proportions,Mathematics
1042,30,34,2025-11-28,1560,60,0.383,True,Functions and Graphs,Mathematics
88,30,3,2025-11-29,2160,15,0.24,True,Functions and Graphs,Mathematics
500,30,80,2025-11-29,1920,16,0.322,True,Electricity and Magnetism,Physics
1055,30,85,2025-11-30,1620,25,0.277,True,Scientific Investigation,Physics
508,30,80,2025-12-14,1200,33,0.287,True,Electricity and Magnetism,Physics
981,30,30,2025-12-15,2040,37,0.363,True,Ratios and Proportions,Mathematics
1183,30,73,2025-12-19,1320,36,0.348,True,Scientific Investigation,Physics
531,30,34,2025-12-21,1080,29,0.225,True,Functions and Graphs,Mathematics
410,30,75,2025-12-26,3720,35,0.261,False,Statistics and Probability,Mathematics
1009,30,77,2025-12-30,2220,24,0.284,True,Numbers and Operations,Mathematics
194,31,69,2025-09-15,2340,24,0.277,True,Matter and Heat,Physics
1087,31,96,2025-09-20,1440,36,0.28,True,Mechanics and Motion,Physics
379,31,86,2025-09-25,2040,25,0.232,True,Light and Sound,Physics
837,31,91,2025-09-29,960,18,0.277,True,Mechanics and Motion,Physics
1140,31,72,2025-10-07,2460,34,0.332,True,Geometry and Measurement,Mathematics
1025,31,42,2025-10-09,660,50,0.286,True,Numbers and Operations,Mathematics
903,31,6,2025-10-12,2880,54,0.426,True,Ratios and Proportions,Mathematics
1044,31,49,2025-10-21,1440,43,0.312,True,Geometry and Measurement,Mathematics
39,31,54,2025-10-31,3360,40,0.341,False,Ratios and Proportions,Mathematics
637,31,36,2025-11-03,2520,47,0.401,True,Ratios and Proportions,Mathematics
1133,31,40,2025-11-05,4320,18,0.322,True,Electricity and Magnetism,Physics
1021,31,47,2025-11-11,960,56,0.506,True,Ratios and Proportions,Mathematics
128,31,99,2025-11-18,2520,25,0.244,True,Light and Sound,Physics
11,31,84,2025-11-20,2940,18,0.299,True,Statistics and Probability,Mathematics
111,31,83,2025-11-20,1800,19,0.236,False,Light and Sound,Physics
733,31,59,2025-11-21,4500,20,0.229,True,Algebra and Equations,Mathematics
94,31,79,2025-11-24,1500,29,0.35,True,Statistics and Probability,Mathematics
287,31,18,2025-12-07,3060,19,0.341,True,Ratios and Proportions,Mathematics
886,31,40,2025-12-18,4380,42,0.279,False,Electricity and Magnetism,Physics
169,31,68,2025-12-26,3660,18,0.249,True,Matter and Heat,Physics
716,31,73,2025-12-29,900,22,0.327,True,Scientific Investigation,Physics
506,32,5,2025-09-06,2040,4,0.139,True,Forces and Energy,Physics
492,32,38,2025-09-09,3720,26,0.187,True,Light and Sound,Physics
1090,32,46,2025-09-11,1140,26,0.129,True,Mechanics and Motion,Physics
346,32,66,2025-09-29,1500,33,0.221,True,Numbers and Operations,Mathematics
143,32,35,2025-10-01,2400,16,0.257,True,Algebra and Equations,Mathematics
91,32,76,2025-10-11,2580,13,0.173,True,Algebra and Equations,Mathematics
42,32,72,2025-10-13,2400,17,0.219,True,Geometry and Measurement,Mathematics
107,32,57,2025-10-21,3600,20,0.246,True,Algebra and Equations,Mathematics
312,32,37,2025-10-25,1680,7,0.281,True,Algebra and Equations,Mathematics
151,32,77,2025-11-03,2820,27,0.205,True,Numbers and Operations,Mathematics
49,32,60,2025-11-05,1140,26,0.201,True,Functions and Graphs,Mathematics
487,32,38,2025-11-10,3780,29,0.182,False,Light and Sound,Physics
299,32,79,2025-11-12,1500,1,0.134,False,Statistics and Probability,Mathematics
1116,32,6,2025-11-13,2400,35,0.287,True,Ratios and Proportions,Mathematics
1182,32,31,2025-11-13,1680,34,0.26,True,Functions and Graphs,Mathematics
673,32,73,2025-11-15,840,12,0.217,True,Scientific Investigation,Physics
18,32,10,2025-11-16,3300,20,0.234,True,Scientific Investigation,Physics
339,32,31,2025-11-19,1620,23,0.241,True,Functions and Graphs,Mathematics
872,32,70,2025-11-25,2220,33,0.285,False,Algebra and Equations,Mathematics
126,32,44,2025-11-27,960,34,0.226,True,Ratios and Proportions,Mathematics
340,32,21,2025-11-28,2760,13,0.145,True,Matter and Heat,Physics
222,32,98,2025-12-07,2040,17,0.116,True,Statistics and Probability,Mathematics
1156,32,72,2025-12-08,3180,9,0.202,True,Geometry and Measurement,Mathematics
179,32,33,2025-12-12,2880,24,0.184,False,Scientific Investigation,Physics
796,32,9,2025-12-12,1500,29,0.196,True,Geometry and Measurement,Mathematics
586,32,38,2025-12-22,2880,25,0.233,True,Light and Sound,Physics
577,32,14,2025-12-23,1380,1,0.208,True,Light and Sound,Physics
152,32,58,2025-12-25,1560,25,0.129,True,Electricity and Magnetism,Physics
971,32,18,2025-12-25,2280,20,0.246,True,Ratios and Proportions,Mathematics
724,32,18,2025-12-28,1920,15,0.218,True,Ratios and Proportions,Mathematics
754,32,26,2025-12-28,1860,27,0.289,False,Scientific Investigation,Physics
819,33,89,2025-09-06,1740,14,0.146,True,Numbers and Operations,Mathematics
854,33,15,2025-09-06,1800,47,0.196,True,Ratios and Proportions,Mathematics
1129,33,89,2025-09-11,1140,8,0.116,True,Numbers and Operations,Mathematics
951,33,22,2025-09-20,2520,13,0.296,True,Algebra and Equations,Mathematics
806,33,18,2025-09-22,2040,5,0.173,True,Ratios and Proportions,Mathematics
911,33,36,2025-09-27,2100,29,0.265,True,Ratios and Proportions,Mathematics
14,33,61,2025-09-29,3300,14,0.245,True,Functions and Graphs,Mathematics
288,33,8,2025-09-29,960,5,0.187,True,Numbers and Operations,Mathematics
2,33,20,2025-10-01,4020,40,0.254,True,Algebra and Equations,Mathematics
235,33,37,2025-10-04,1740,39,0.278,True,Algebra and Equations,Mathematics
219,33,65,2025-10-13,3120,37,0.299,True,Functions and Graphs,Mathematics
490,33,45,2025-10-18,1620,30,0.254,True,Light and Sound,Physics
24,33,30,2025-10-27,2940,37,0.291,True,Ratios and Proportions,Mathematics
192,33,34,2025-10-30,1560,36,0.256,True,Functions and Graphs,Mathematics
638,33,41,2025-10-30,2940,17,0.159,False,Numbers and Operations,Mathematics
702,33,58,2025-11-01,2460,10,0.213,False,Electricity and Magnetism,Physics
942,33,98,2025-11-02,2340,17,0.28,True,Statistics and Probability,Mathematics
440,33,94,2025-11-04,3180,18,0.261,False,Matter and Heat,Physics
477,33,18,2025-11-08,3120,28,0.262,True,Ratios and Proportions,Mathematics
358,33,26,2025-11-20,1860,33,0.252,False,Scientific Investigation,Physics
1113,33,2,2025-11-30,1140,0,0.15,True,Numbers and Operations,Mathematics
589,34,40,2025-09-17,4080,37,0.329,True,Electricity and Magnetism,Physics
603,34,29,2025-09-22,960,38,0.368,True,Functions and Graphs,Mathematics
725,34,3,2025-10-03,2520,58,0.459,True,Functions and Graphs,Mathematics
23,34,70,2025-11-04,2940,16,0.238,False,Algebra and Equations,Mathematics
318,34,100,2025-11-07,3720,44,0.369,True,Light and Sound,Physics
485,34,68,2025-11-07,3120,46,0.56,True,Matter and Heat,Physics
254,34,18,2025-11-10,2340,24,0.265,True,Ratios and Proportions,Mathematics
635,34,7,2025-11-13,1680,29,0.306,True,Ratios and Proportions,Mathematics
1158,34,97,2025-11-13,4260,61,0.508,True,Functions and Graphs,Mathematics
160,34,68,2025-11-20,2160,46,0.413,True,Matter and Heat,Physics
216,34,87,2025-11-24,420,32,0.315,True,Light and Sound,Physics
672,34,58,2025-12-04,1620,48,0.409,False,Electricity and Magnetism,Physics
1110,34,47,2025-12-04,840,31,0.464,True,Ratios and Proportions,Mathematics
367,34,92,2025-12-11,1860,14,0.253,True,Algebra and Equations,Mathematics
148,34,81,2025-12-20,780,31,0.316,True,Geometry and Measurement,Mathematics
78,34,32,2025-12-29,2220,37,0.254,True,Mechanics and Motion,Physics
6,35,35,2025-09-05,2220,26,0.269,True,Algebra and Equations,Mathematics
857,35,58,2025-09-08,1860,6,0.207,False,Electricity and Magnetism,Physics
761,35,60,2025-09-18,1920,19,0.304,False,Functions and Graphs,Mathematics
518,35,5,2025-09-24,1500,5,0.203,True,Forces and Energy,Physics
844,35,34,2025-09-25,1140,47,0.302,True,Functions and Graphs,Mathematics
283,35,72,2025-09-28,2460,13,0.212,True,Geometry and Measurement,Mathematics
936,35,100,2025-09-30,3360,3,0.113,True,Light and Sound,Physics
353,35,6,2025-10-01,2040,12,0.216,True,Ratios and Proportions,Mathematics
781,35,88,2025-10-04,1800,10,0.131,True,Scientific Investigation,Physics
566,35,19,2025-10-08,1980,18,0.247,True,Functions and Graphs,Mathematics
1166,35,15,2025-10-09,1740,16,0.331,True,Ratios and Proportions,Mathematics
578,35,24,2025-10-10,4260,33,0.22,True,Numbers and Operations,Mathematics
703,35,80,2025-10-11,1860,30,0.145,True,Electricity and Magnetism,Physics
998,35,30,2025-10-16,1920,33,0.312,True,Ratios and Proportions,Mathematics
305,35,74,2025-10-18,2100,25,0.193,True,Statistics and Probability,Mathematics
553,35,8,2025-10-20,960,19,0.211,True,Numbers and Operations,Mathematics
35,35,23,2025-10-27,600,25,0.173,True,Mechanics and Motion,Physics
208,35,31,2025-10-27,1500,33,0.223,True,Functions and Graphs,Mathematics
925,35,54,2025-10-29,2040,26,0.315,True,Ratios and Proportions,Mathematics
284,35,89,2025-11-01,1620,18,0.183,True,Numbers and Operations,Mathematics
675,35,4,2025-11-02,2220,12,0.253,True,Geometry and Measurement,Mathematics
641,35,24,2025-11-04,4260,23,0.289,False,Numbers and Operations,Mathematics
1052,35,15,2025-11-09,1680,39,0.302,True,Ratios and Proportions,Mathematics
544,35,49,2025-11-12,1320,50,0.272,True,Geometry and Measurement,Mathematics
291,35,22,2025-11-18,2760,15,0.294,True,Algebra and Equations,Mathematics
317,35,6,2025-11-26,1860,10,0.184,True,Ratios and Proportions,Mathematics
958,35,8,2025-11-27,840,34,0.389,True,Numbers and Operations,Mathematics
778,35,69,2025-12-06,2880,1,0.144,True,Matter and Heat,Physics
609,35,24,2025-12-08,4200,33,0.259,False,Numbers and Operations,Mathematics
1053,35,22,2025-12-08,2280,46,0.341,True,Algebra and Equations,Mathematics
1125,35,87,2025-12-18,660,8,0.113,True,Light and Sound,Physics
466,36,90,2025-09-01,720,8,0.236,True,Light and Sound,Physics
242,36,42,2025-09-06,900,20,0.214,False,Numbers and Operations,Mathematics
1004,36,78,2025-09-11,2700,39,0.274,True,Scientific Investigation,Physics
204,36,39,2025-09-13,3660,1,0.171,True,Scientific Investigation,Physics
315,36,100,2025-09-15,3180,11,0.233,False,Light and Sound,Physics
17,36,81,2025-09-22,840,18,0.212,True,Geometry and Measurement,Mathematics
187,36,93,2025-09-30,1620,39,0.343,True,Ratios and Proportions,Mathematics
1179,36,62,2025-10-06,720,33,0.214,True,Electricity and Magnetism,Physics
439,36,7,2025-10-07,2220,40,0.399,True,Ratios and Proportions,Mathematics
472,36,69,2025-10-09,2220,22,0.29,True,Matter and Heat,Physics
62,36,6,2025-10-10,2640,15,0.221,True,Ratios and Proportions,Mathematics
212,36,20,2025-10-16,3600,35,0.248,False,Algebra and Equations,Mathematics
1155,36,3,2025-10-29,2100,31,0.34,True,Functions and Graphs,Mathematics
34,36,33,2025-10-31,2340,0,0.17,False,Scientific Investigation,Physics
38,36,94,2025-11-02,3180,16,0.202,True,Matter and Heat,Physics
920,36,57,2025-11-03,4380,53,0.405,False,Algebra and Equations,Mathematics
772,36,50,2025-11-05,1200,27,0.305,False,Algebra and Equations,Mathematics
125,36,6,2025-11-07,2760,31,0.299,True,Ratios and Proportions,Mathematics
470,36,52,2025-11-07,1860,11,0.207,True,Mechanics and Motion,Physics
72,36,14,2025-11-10,1920,12,0.204,True,Light and Sound,Physics
30,36,66,2025-11-15,2040,0,0.175,False,Numbers and Operations,Mathematics
1032,36,93,2025-11-18,1380,50,0.439,True,Ratios and Proportions,Mathematics
610,36,7,2025-11-23,2520,34,0.382,True,Ratios and Proportions,Mathematics
1074,36,59,2025-11-25,3180,48,0.458,True,Algebra and Equations,Mathematics
845,36,60,2025-12-02,1920,33,0.299,False,Functions and Graphs,Mathematics
934,36,98,2025-12-07,3120,34,0.196,True,Statistics and Probability,Mathematics
471,36,19,2025-12-09,1860,12,0.26,True,Functions and Graphs,Mathematics
995,36,66,2025-12-09,1560,26,0.292,True,Numbers and Operations,Mathematics
442,36,87,2025-12-12,540,34,0.208,False,Light and Sound,Physics
77,36,21,2025-12-19,2160,24,0.245,False,Matter and Heat,Physics
802,36,91,2025-12-27,840,18,0.251,True,Mechanics and Motion,Physics
285,37,1,2025-09-14,1140,42,0.396,True,Algebra and Equations,Mathematics
1124,37,70,2025-09-15,2280,60,0.632,True,Algebra and Equations,Mathematics
75,37,34,2025-09-18,960,32,0.31,False,Functions and Graphs,Mathematics
314,37,73,2025-09-28,780,26,0.268,True,Scientific Investigation,Physics
1141,37,49,2025-10-11,1800,26,0.286,True,Geometry and Measurement,Mathematics
268,37,69,2025-10-18,2280,36,0.283,True,Matter and Heat,Physics
997,37,64,2025-10-28,2820,44,0.514,True,Algebra and Equations,Mathematics
1047,37,50,2025-11-13,1080,48,0.623,True,Algebra and Equations,Mathematics
217,37,22,2025-11-21,2940,25,0.301,True,Algebra and Equations,Mathematics
210,37,22,2025-11-27,3300,29,0.216,True,Algebra and Equations,Mathematics
707,37,58,2025-12-02,2580,38,0.327,False,Electricity and Magnetism,Physics
717,37,77,2025-12-02,2580,24,0.292,False,Numbers and Operations,Mathematics
154,37,87,2025-12-12,840,18,0.246,True,Light and Sound,Physics
832,37,56,2025-12-21,2400,47,0.348,False,Functions and Graphs,Mathematics
263,37,37,2025-12-23,1260,41,0.384,True,Algebra and Equations,Mathematics
613,37,7,2025-12-23,1740,24,0.188,True,Ratios and Proportions,Mathematics
774,38,63,2025-09-24,3360,7,0.255,True,Geometry and Measurement,Mathematics
184,38,66,2025-10-04,2040,32,0.251,True,Numbers and Operations,Mathematics
878,38,70,2025-10-09,2100,35,0.293,False,Algebra and Equations,Mathematics
1035,38,84,2025-10-13,4140,7,0.192,False,Statistics and Probability,Mathematics
422,38,19,2025-10-14,1860,42,0.325,True,Functions and Graphs,Mathematics
560,38,80,2025-10-28,2160,31,0.255,False,Electricity and Magnetism,Physics
248,38,95,2025-11-27,3000,10,0.339,True,Ratios and Proportions,Mathematics
495,38,33,2025-12-04,3540,23,0.206,True,Scientific Investigation,Physics
200,38,93,2025-12-05,1560,39,0.257,True,Ratios and Proportions,Mathematics
521,38,54,2025-12-12,2640,39,0.38,True,Ratios and Proportions,Mathematics
108,38,47,2025-12-19,960,20,0.2,True,Ratios and Proportions,Mathematics
103,38,36,2025-12-21,1980,30,0.222,True,Ratios and Proportions,Mathematics
211,38,59,2025-12-25,2580,10,0.237,True,Algebra and Equations,Mathematics
427,38,61,2025-12-25,1920,48,0.406,True,Functions and Graphs,Mathematics
970,39,95,2025-09-06,3180,48,0.358,True,Ratios and Proportions,Mathematics
310,39,30,2025-09-07,2400,38,0.213,True,Ratios and Proportions,Mathematics
191,39,22,2025-09-09,2220,19,0.243,True,Algebra and Equations,Mathematics
252,39,41,2025-09-09,2280,3,0.156,True,Numbers and Operations,Mathematics
885,39,100,2025-09-11,3840,24,0.292,True,Light and Sound,Physics
464,39,58,2025-09-18,2160,2,0.189,True,Electricity and Magnetism,Physics
619,39,23,2025-09-21,840,10,0.14,True,Mechanics and Motion,Physics
230,39,79,2025-09-23,1920,10,0.185,True,Statistics and Probability,Mathematics
141,39,67,2025-09-26,2160,14,0.184,False,Ratios and Proportions,Mathematics
241,39,88,2025-09-29,1740,36,0.205,True,Scientific Investigation,Physics
877,39,56,2025-10-01,1500,24,0.18,True,Functions and Graphs,Mathematics
710,39,10,2025-10-02,3660,13,0.177,True,Scientific Investigation,Physics
80,39,66,2025-10-07,1560,26,0.15,False,Numbers and Operations,Mathematics
614,39,98,2025-10-08,2160,14,0.24,True,Statistics and Probability,Mathematics
1041,39,92,2025-10-12,1560,23,0.276,True,Algebra and Equations,Mathematics
297,39,23,2025-10-14,600,31,0.184,True,Mechanics and Motion,Physics
650,39,72,2025-10-17,3000,13,0.14,True,Geometry and Measurement,Mathematics
265,39,36,2025-10-22,2160,13,0.197,False,Ratios and Proportions,Mathematics
1148,39,1,2025-11-02,1200,30,0.251,True,Algebra and Equations,Mathematics
1104,39,44,2025-11-10,1140,53,0.481,True,Ratios and Proportions,Mathematics
919,39,4,2025-11-12,1680,14,0.149,True,Geometry and Measurement,Mathematics
1086,39,41,2025-11-15,2040,38,0.133,True,Numbers and Operations,Mathematics
996,39,44,2025-11-21,1020,54,0.455,True,Ratios and Proportions,Mathematics
765,39,11,2025-11-22,2640,26,0.269,True,Ratios and Proportions,Mathematics
869,39,93,2025-11-26,1320,26,0.287,True,Ratios and Proportions,Mathematics
404,39,14,2025-11-30,1200,7,0.183,True,Light and Sound,Physics
714,39,16,2025-11-30,3120,8,0.179,True,Forces and Energy,Physics
249,39,17,2025-12-01,3420,13,0.174,True,Functions and Graphs,Mathematics
112,39,95,2025-12-07,3360,33,0.193,True,Ratios and Proportions,Mathematics
547,39,95,2025-12-07,2400,33,0.237,True,Ratios and Proportions,Mathematics
607,39,18,2025-12-20,3120,21,0.216,True,Ratios and Proportions,Mathematics
1184,39,81,2025-12-25,1320,18,0.205,True,Geometry and Measurement,Mathematics
941,39,31,2025-12-26,1080,37,0.136,False,Functions and Graphs,Mathematics
897,39,44,2025-12-29,1620,31,0.318,True,Ratios and Proportions,Mathematics
377,40,59,2025-09-06,4620,33,0.282,False,Algebra and Equations,Mathematics
180,40,91,2025-09-12,660,28,0.22,True,Mechanics and Motion,Physics
496,40,10,2025-09-18,2580,39,0.202,False,Scientific Investigation,Physics
766,40,49,2025-09-24,1560,9,0.277,True,Geometry and Measurement,Mathematics
1163,40,66,2025-09-28,1560,50,0.381,True,Numbers and Operations,Mathematics
133,40,93,2025-10-03,1380,22,0.198,True,Ratios and Proportions,Mathematics
206,40,90,2025-10-06,720,12,0.224,True,Light and Sound,Physics
1131,40,38,2025-10-10,2940,40,0.352,True,Light and Sound,Physics
251,40,77,2025-10-12,2880,31,0.281,False,Numbers and Operations,Mathematics
401,40,64,2025-10-15,1980,27,0.359,True,Algebra and Equations,Mathematics
89,40,70,2025-10-20,3000,30,0.255,True,Algebra and Equations,Mathematics
694,40,6,2025-10-24,2460,51,0.33,True,Ratios and Proportions,Mathematics
438,40,58,2025-10-27,2100,30,0.264,False,Electricity and Magnetism,Physics
655,40,67,2025-11-04,1680,33,0.293,True,Ratios and Proportions,Mathematics
201,40,53,2025-11-09,480,23,0.225,True,Ratios and Proportions,Mathematics
229,40,64,2025-11-09,2400,20,0.268,False,Algebra and Equations,Mathematics
329,40,79,2025-11-25,1440,25,0.316,True,Statistics and Probability,Mathematics
957,40,59,2025-11-29,2880,45,0.343,True,Algebra and Equations,Mathematics
568,40,42,2025-11-30,960,26,0.317,True,Numbers and Operations,Mathematics
909,40,57,2025-12-02,2760,29,0.387,False,Algebra and Equations,Mathematics
231,40,86,2025-12-20,1680,27,0.305,True,Light and Sound,Physics
308,40,37,2025-12-23,960,42,0.293,True,Algebra and Equations,Mathematics
1072,40,22,2025-12-27,2940,28,0.378,True,Algebra and Equations,Mathematics
816,41,61,2025-09-03,2040,12,0.184,True,Functions and Graphs,Mathematics
270,41,68,2025-09-09,2340,25,0.317,False,Matter and Heat,Physics
220,41,91,2025-09-17,840,50,0.334,True,Mechanics and Motion,Physics
357,41,78,2025-09-23,2640,25,0.282,True,Scientific Investigation,Physics
1114,41,21,2025-10-06,3120,37,0.348,True,Matter and Heat,Physics
123,41,46,2025-10-08,960,51,0.289,False,Mechanics and Motion,Physics
1097,41,66,2025-10-11,1680,27,0.262,True,Numbers and Operations,Mathematics
234,41,36,2025-10-12,2700,14,0.303,True,Ratios and Proportions,Mathematics
990,41,86,2025-10-15,1920,19,0.332,True,Light and Sound,Physics
1014,41,72,2025-10-23,3360,36,0.314,True,Geometry and Measurement,Mathematics
54,41,13,2025-11-03,2760,15,0.239,True,Geometry and Measurement,Mathematics
256,41,89,2025-11-07,1500,33,0.246,False,Numbers and Operations,Mathematics
809,41,91,2025-11-14,780,48,0.429,True,Mechanics and Motion,Physics
5,41,10,2025-11-16,2580,29,0.238,True,Scientific Investigation,Physics
159,41,52,2025-11-20,1740,30,0.299,False,Mechanics and Motion,Physics
1197,41,92,2025-11-21,1320,46,0.305,True,Algebra and Equations,Mathematics
1186,41,16,2025-12-06,3180,31,0.269,True,Forces and Energy,Physics
811,41,92,2025-12-13,1020,29,0.271,True,Algebra and Equations,Mathematics
58,41,45,2025-12-22,1800,52,0.283,True,Light and Sound,Physics
645,41,23,2025-12-22,840,25,0.41,True,Mechanics and Motion,Physics
750,41,23,2025-12-29,660,41,0.386,False,Mechanics and Motion,Physics
282,42,14,2025-09-14,1440,12,0.228,True,Light and Sound,Physics
342,42,37,2025-09-14,1440,26,0.226,True,Algebra and Equations,Mathematics
812,42,2,2025-09-17,1680,22,0.249,True,Numbers and Operations,Mathematics
935,42,69,2025-09-18,2040,27,0.386,True,Matter and Heat,Physics
1111,42,82,2025-09-26,2220,58,0.388,True,Functions and Graphs,Mathematics
818,42,6,2025-09-28,1860,49,0.449,True,Ratios and Proportions,Mathematics
176,42,53,2025-09-29,540,6,0.282,True,Ratios and Proportions,Mathematics
448,42,96,2025-10-07,1860,36,0.243,False,Mechanics and Motion,Physics
507,42,83,2025-10-10,1560,28,0.299,True,Light and Sound,Physics
1037,42,21,2025-10-13,3240,35,0.471,False,Matter and Heat,Physics
574,42,100,2025-10-17,2640,24,0.361,True,Light and Sound,Physics
275,42,47,2025-11-11,720,30,0.323,True,Ratios and Proportions,Mathematics
983,42,5,2025-11-12,2640,30,0.278,True,Forces and Energy,Physics
98,42,53,2025-11-15,540,26,0.205,True,Ratios and Proportions,Mathematics
348,42,39,2025-11-21,3240,22,0.206,True,Scientific Investigation,Physics
569,42,34,2025-11-21,1140,26,0.349,False,Functions and Graphs,Mathematics
397,42,13,2025-11-24,2880,25,0.304,False,Geometry and Measurement,Mathematics
1193,42,7,2025-11-26,1740,39,0.535,False,Ratios and Proportions,Mathematics
92,42,10,2025-11-30,3780,10,0.174,False,Scientific Investigation,Physics
901,42,66,2025-11-30,1500,17,0.241,True,Numbers and Operations,Mathematics
856,42,32,2025-12-06,2460,27,0.296,True,Mechanics and Motion,Physics
993,42,7,2025-12-08,1560,40,0.532,True,Ratios and Proportions,Mathematics
684,42,87,2025-12-10,540,47,0.417,False,Light and Sound,Physics
203,42,96,2025-12-23,1680,28,0.171,False,Mechanics and Motion,Physics
121,42,29,2025-12-25,960,28,0.266,True,Functions and Graphs,Mathematics
57,42,92,2025-12-28,1140,31,0.227,True,Algebra and Equations,Mathematics
503,42,51,2025-12-30,840,13,0.291,True,Matter and Heat,Physics
737,43,50,2025-09-01,1440,15,0.277,True,Algebra and Equations,Mathematics
218,43,12,2025-09-03,1140,8,0.194,True,Forces and Energy,Physics
195,43,45,2025-09-05,1440,27,0.307,True,Light and Sound,Physics
300,43,34,2025-09-09,1380,7,0.209,True,Functions and Graphs,Mathematics
551,43,20,2025-09-15,3360,15,0.173,True,Algebra and Equations,Mathematics
16,43,90,2025-09-19,960,24,0.234,True,Light and Sound,Physics
593,43,22,2025-09-21,2940,37,0.236,True,Algebra and Equations,Mathematics
47,43,99,2025-10-03,2700,21,0.265,True,Light and Sound,Physics
922,43,36,2025-10-03,3360,10,0.179,True,Ratios and Proportions,Mathematics
651,43,82,2025-10-17,2760,29,0.243,True,Functions and Graphs,Mathematics
1199,43,27,2025-11-05,1620,34,0.353,True,Light and Sound,Physics
798,43,99,2025-11-27,3780,56,0.345,True,Light and Sound,Physics
1057,43,5,2025-11-28,2160,33,0.252,True,Forces and Energy,Physics
70,43,75,2025-12-16,3480,1,0.199,True,Statistics and Probability,Mathematics
747,43,18,2025-12-29,3120,22,0.134,True,Ratios and Proportions,Mathematics
1034,44,65,2025-09-01,3120,47,0.36,True,Functions and Graphs,Mathematics
974,44,19,2025-09-10,1440,19,0.35,True,Functions and Graphs,Mathematics
1189,44,14,2025-09-17,1320,42,0.391,False,Light and Sound,Physics
973,44,70,2025-10-05,2400,52,0.439,True,Algebra and Equations,Mathematics
626,44,76,2025-10-18,2820,42,0.399,True,Algebra and Equations,Mathematics
581,44,40,2025-10-23,4140,45,0.384,True,Electricity and Magnetism,Physics
948,44,13,2025-10-26,4200,31,0.324,True,Geometry and Measurement,Mathematics
713,44,99,2025-11-30,2460,35,0.312,False,Light and Sound,Physics
826,44,95,2025-12-03,3060,15,0.299,False,Ratios and Proportions,Mathematics
1054,44,79,2025-12-03,2040,19,0.332,True,Statistics and Probability,Mathematics
31,44,34,2025-12-07,960,25,0.288,False,Functions and Graphs,Mathematics
323,44,35,2025-12-07,2880,30,0.408,False,Algebra and Equations,Mathematics
1067,44,38,2025-12-27,3360,17,0.333,True,Light and Sound,Physics
293,44,70,2025-12-28,2460,28,0.351,True,Algebra and Equations,Mathematics
50,45,78,2025-09-01,2280,22,0.35,False,Scientific Investigation,Physics
512,45,3,2025-09-07,1800,33,0.268,False,Functions and Graphs,Mathematics
246,45,37,2025-09-08,1620,36,0.314,False,Algebra and Equations,Mathematics
368,45,14,2025-09-08,1200,52,0.46,True,Light and Sound,Physics
250,45,92,2025-09-10,1320,30,0.328,False,Algebra and Equations,Mathematics
182,45,96,2025-09-16,1860,30,0.35,True,Mechanics and Motion,Physics
214,45,71,2025-09-16,2820,57,0.416,True,Light and Sound,Physics
571,45,17,2025-09-16,2520,35,0.311,True,Functions and Graphs,Mathematics
636,45,15,2025-09-25,2220,34,0.455,False,Ratios and Proportions,Mathematics
321,45,68,2025-09-27,2280,41,0.343,True,Matter and Heat,Physics
322,45,30,2025-09-28,1980,54,0.398,True,Ratios and Proportions,Mathematics
64,45,84,2025-09-29,4260,37,0.283,True,Statistics and Probability,Mathematics
1100,45,6,2025-10-14,3000,49,0.486,True,Ratios and Proportions,Mathematics
199,45,28,2025-10-18,2400,44,0.312,True,Numbers and Operations,Mathematics
1093,45,83,2025-10-29,1560,71,0.695,True,Light and Sound,Physics
795,45,30,2025-10-31,2040,52,0.449,True,Ratios and Proportions,Mathematics
51,45,72,2025-11-09,2340,17,0.237,False,Geometry and Measurement,Mathematics
63,45,67,2025-11-10,2040,25,0.259,True,Ratios and Proportions,Mathematics
1157,45,57,2025-11-10,2700,35,0.367,False,Algebra and Equations,Mathematics
661,45,100,2025-11-11,3660,49,0.559,False,Light and Sound,Physics
388,45,23,2025-11-18,960,44,0.352,True,Mechanics and Motion,Physics
132,45,39,2025-11-21,3600,29,0.352,True,Scientific Investigation,Physics
301,45,6,2025-11-21,2100,54,0.319,True,Ratios and Proportions,Mathematics
930,45,87,2025-11-22,720,65,0.667,True,Light and Sound,Physics
864,45,14,2025-11-24,1260,57,0.612,True,Light and Sound,Physics
177,45,98,2025-12-02,1800,35,0.294,False,Statistics and Probability,Mathematics
945,45,93,2025-12-02,1740,46,0.451,True,Ratios and Proportions,Mathematics
202,45,45,2025-12-05,2040,23,0.286,True,Light and Sound,Physics
753,45,47,2025-12-05,840,36,0.436,True,Ratios and Proportions,Mathematics
474,45,17,2025-12-11,2460,38,0.271,True,Functions and Graphs,Mathematics
822,46,83,2025-09-09,2340,50,0.405,True,Light and Sound,Physics
891,46,63,2025-09-10,3240,3,0.199,True,Geometry and Measurement,Mathematics
344,46,70,2025-09-11,2640,36,0.357,True,Algebra and Equations,Mathematics
1011,46,11,2025-09-14,2640,62,0.498,True,Ratios and Proportions,Mathematics
1026,46,4,2025-09-19,1620,33,0.267,True,Geometry and Measurement,Mathematics
416,46,55,2025-09-29,1920,25,0.315,True,Numbers and Operations,Mathematics
61,46,76,2025-10-01,2220,40,0.286,True,Algebra and Equations,Mathematics
555,46,26,2025-10-04,1440,50,0.337,True,Scientific Investigation,Physics
875,46,27,2025-10-09,1080,53,0.468,True,Light and Sound,Physics
671,46,89,2025-10-21,1440,32,0.39,True,Numbers and Operations,Mathematics
238,46,36,2025-10-31,2400,57,0.433,True,Ratios and Proportions,Mathematics
292,46,1,2025-11-11,900,36,0.382,True,Algebra and Equations,Mathematics
223,46,27,2025-11-15,1500,29,0.312,True,Light and Sound,Physics
670,46,7,2025-11-18,1440,51,0.469,True,Ratios and Proportions,Mathematics
759,46,24,2025-11-22,4320,51,0.46,True,Numbers and Operations,Mathematics
604,46,22,2025-12-02,3300,26,0.337,True,Algebra and Equations,Mathematics
980,46,99,2025-12-06,2280,68,0.511,True,Light and Sound,Physics
534,46,93,2025-12-11,1140,54,0.441,True,Ratios and Proportions,Mathematics
563,46,4,2025-12-18,2400,22,0.274,True,Geometry and Measurement,Mathematics
567,46,5,2025-12-18,2460,21,0.272,True,Forces and Energy,Physics
333,47,8,2025-09-10,900,11,0.169,True,Numbers and Operations,Mathematics
788,47,95,2025-09-16,2820,38,0.337,True,Ratios and Proportions,Mathematics
97,47,33,2025-09-17,3900,13,0.135,False,Scientific Investigation,Physics
1175,47,10,2025-09-22,2220,11,0.195,False,Scientific Investigation,Physics
262,47,38,2025-09-28,2700,25,0.145,False,Light and Sound,Physics
726,47,91,2025-09-28,720,0,0.134,False,Mechanics and Motion,Physics
1028,47,97,2025-10-09,4380,21,0.26,True,Functions and Graphs,Mathematics
161,47,18,2025-10-10,1980,15,0.23,False,Ratios and Proportions,Mathematics
264,47,29,2025-10-14,660,20,0.204,True,Functions and Graphs,Mathematics
1092,47,19,2025-10-15,2160,25,0.269,False,Functions and Graphs,Mathematics
631,47,38,2025-10-20,3180,5,0.255,True,Light and Sound,Physics
522,47,86,2025-10-25,1980,17,0.21,True,Light and Sound,Physics
629,47,68,2025-10-28,2460,9,0.152,True,Matter and Heat,Physics
46,47,54,2025-10-29,2880,23,0.16,True,Ratios and Proportions,Mathematics
792,47,29,2025-10-29,960,28,0.231,True,Functions and Graphs,Mathematics
1119,47,28,2025-10-29,3480,10,0.257,True,Numbers and Operations,Mathematics
620,47,37,2025-11-01,1140,15,0.194,True,Algebra and Equations,Mathematics
1147,47,82,2025-11-03,2100,29,0.302,True,Functions and Graphs,Mathematics
286,47,40,2025-11-11,3540,16,0.153,True,Electricity and Magnetism,Physics
882,47,70,2025-11-11,3180,36,0.251,False,Algebra and Equations,Mathematics
1051,47,35,2025-11-12,2340,38,0.359,True,Algebra and Equations,Mathematics
924,47,72,2025-11-22,3600,24,0.15,False,Geometry and Measurement,Mathematics
149,47,19,2025-12-05,1500,9,0.186,False,Functions and Graphs,Mathematics
376,47,39,2025-12-11,3120,12,0.159,True,Scientific Investigation,Physics
740,47,100,2025-12-22,2640,8,0.266,False,Light and Sound,Physics
15,47,49,2025-12-26,1500,14,0.2,False,Geometry and Measurement,Mathematics
992,48,63,2025-09-10,3480,16,0.273,True,Geometry and Measurement,Mathematics
1060,48,94,2025-09-18,2520,11,0.244,True,Matter and Heat,Physics
228,48,36,2025-09-19,3000,39,0.237,False,Ratios and Proportions,Mathematics
914,48,28,2025-09-19,2160,17,0.161,True,Numbers and Operations,Mathematics
73,48,73,2025-09-25,1080,23,0.245,True,Scientific Investigation,Physics
979,48,84,2025-09-27,2520,27,0.26,True,Statistics and Probability,Mathematics
1154,48,13,2025-10-07,3060,31,0.332,True,Geometry and Measurement,Mathematics
1130,48,84,2025-10-11,3360,28,0.259,True,Statistics and Probability,Mathematics
584,48,97,2025-10-28,4140,14,0.248,True,Functions and Graphs,Mathematics
976,48,74,2025-11-12,2760,20,0.17,False,Statistics and Probability,Mathematics
867,48,9,2025-11-15,960,27,0.216,True,Geometry and Measurement,Mathematics
1134,48,20,2025-11-16,3600,29,0.337,True,Algebra and Equations,Mathematics
688,48,69,2025-11-20,2460,31,0.269,True,Matter and Heat,Physics
411,48,84,2025-11-22,3000,17,0.199,True,Statistics and Probability,Mathematics
743,48,70,2025-11-22,3300,17,0.196,True,Algebra and Equations,Mathematics
402,48,21,2025-11-23,3120,18,0.255,True,Matter and Heat,Physics
45,48,68,2025-12-07,2880,22,0.219,True,Matter and Heat,Physics
1049,48,86,2025-12-14,2040,1,0.192,True,Light and Sound,Physics
770,48,65,2025-12-19,3660,26,0.326,True,Functions and Graphs,Mathematics
907,48,37,2025-12-22,1680,21,0.304,True,Algebra and Equations,Mathematics
515,48,55,2025-12-23,2160,23,0.199,True,Numbers and Operations,Mathematics
748,48,77,2025-12-27,3900,12,0.167,True,Numbers and Operations,Mathematics
602,48,45,2025-12-30,1500,0,0.208,True,Light and Sound,Physics
392,49,78,2025-09-07,2940,49,0.381,True,Scientific Investigation,Physics
502,49,28,2025-09-09,2520,24,0.276,True,Numbers and Operations,Mathematics
372,49,49,2025-09-10,1200,44,0.412,True,Geometry and Measurement,Mathematics
271,49,60,2025-09-11,1860,38,0.308,True,Functions and Graphs,Mathematics
1185,49,73,2025-09-13,1260,66,0.679,True,Scientific Investigation,Physics
461,49,46,2025-09-19,960,13,0.346,True,Mechanics and Motion,Physics
879,49,1,2025-09-19,780,55,0.501,True,Algebra and Equations,Mathematics
116,49,13,2025-09-30,2340,35,0.297,False,Geometry and Measurement,Mathematics
731,49,97,2025-10-02,2820,61,0.518,True,Functions and Graphs,Mathematics
758,49,48,2025-10-07,1800,11,0.276,False,Algebra and Equations,Mathematics
193,49,44,2025-10-09,1560,24,0.283,False,Ratios and Proportions,Mathematics
705,49,36,2025-10-14,2640,46,0.428,False,Ratios and Proportions,Mathematics
871,49,69,2025-10-15,2760,57,0.373,True,Matter and Heat,Physics
413,49,7,2025-10-17,2220,24,0.353,True,Ratios and Proportions,Mathematics
1050,49,1,2025-10-17,720,72,0.551,True,Algebra and Equations,Mathematics
575,49,93,2025-10-18,1920,24,0.398,True,Ratios and Proportions,Mathematics
536,49,88,2025-10-22,2160,60,0.456,True,Scientific Investigation,Physics
773,49,32,2025-10-22,1740,51,0.42,True,Mechanics and Motion,Physics
847,49,100,2025-10-24,2640,44,0.277,True,Light and Sound,Physics
928,49,66,2025-11-02,1320,44,0.368,True,Numbers and Operations,Mathematics
752,49,52,2025-11-03,1440,34,0.409,True,Mechanics and Motion,Physics
870,49,59,2025-11-03,3300,37,0.408,True,Algebra and Equations,Mathematics
667,49,34,2025-11-06,1140,51,0.423,True,Functions and Graphs,Mathematics
768,49,1,2025-11-12,840,20,0.315,True,Algebra and Equations,Mathematics
245,49,49,2025-11-22,1920,33,0.308,True,Geometry and Measurement,Mathematics
529,49,37,2025-11-28,1440,25,0.193,True,Algebra and Equations,Mathematics
1181,49,73,2025-11-30,1140,46,0.588,True,Scientific Investigation,Physics
660,49,3,2025-12-11,2040,31,0.37,True,Functions and Graphs,Mathematics
616,49,2,2025-12-13,1620,19,0.336,True,Numbers and Operations,Mathematics
749,49,81,2025-12-22,1020,57,0.487,True,Geometry and Measurement,Mathematics
929,49,48,2025-12-23,1620,55,0.519,True,Algebra and Equations,Mathematics
810,49,88,2025-12-25,1620,74,0.548,True,Scientific Investigation,Physics
454,49,94,2025-12-29,4080,23,0.258,False,Matter and Heat,Physics
921,49,30,2025-12-30,2100,58,0.499,True,Ratios and Proportions,Mathematics
1088,50,59,2025-09-04,4020,20,0.307,True,Algebra and Equations,Mathematics
608,50,62,2025-09-06,660,30,0.227,True,Electricity and Magnetism,Physics
280,50,19,2025-09-07,1260,47,0.392,False,Functions and Graphs,Mathematics
1024,50,16,2025-09-22,2880,23,0.268,True,Forces and Energy,Physics
473,50,44,2025-10-01,1620,25,0.346,True,Ratios and Proportions,Mathematics
147,50,39,2025-10-06,3480,42,0.255,True,Scientific Investigation,Physics
622,50,54,2025-10-11,2040,30,0.387,True,Ratios and Proportions,Mathematics
1122,50,80,2025-10-11,1800,39,0.422,False,Electricity and Magnetism,Physics
1132,50,19,2025-10-18,1800,37,0.461,True,Functions and Graphs,Mathematics
999,50,71,2025-10-19,1680,38,0.208,True,Light and Sound,Physics
883,50,33,2025-10-20,2820,15,0.255,True,Scientific Investigation,Physics
387,50,72,2025-10-27,3360,3,0.196,True,Geometry and Measurement,Mathematics
1065,50,83,2025-11-01,1620,23,0.196,False,Light and Sound,Physics
664,50,29,2025-11-04,720,41,0.385,True,Functions and Graphs,Mathematics
719,50,35,2025-11-09,2040,9,0.266,True,Algebra and Equations,Mathematics
19,50,34,2025-11-12,1560,10,0.258,True,Functions and Graphs,Mathematics
205,50,36,2025-11-18,2700,37,0.269,True,Ratios and Proportions,Mathematics
352,50,7,2025-11-22,2100,31,0.318,False,Ratios and Proportions,Mathematics
1165,50,1,2025-11-23,960,44,0.355,True,Algebra and Equations,Mathematics
437,50,51,2025-11-26,840,24,0.188,True,Matter and Heat,Physics
988,50,33,2025-11-28,3300,12,0.266,True,Scientific Investigation,Physics
1191,50,97,2025-12-01,2940,39,0.571,True,Functions and Graphs,Mathematics
804,50,77,2025-12-25,3960,33,0.244,True,Numbers and Operations,Mathematics
896,50,30,2025-12-26,2040,49,0.405,True,Ratios and Proportions,Mathematics
697,50,40,2025-12-27,3600,32,0.331,True,Electricity and Magnetism,Physics
